DATE,Sales,Interest,HPI,Unemployment,RTFS,AR,REALLN,sp_500,CCI,GDP,PSR,Pop,MSACSR,Oak,PLA,Oil,CPIHOSNS,Mortgage,Steel,Median_income,index,NSFHUC,CSUSHPINSA,CCMS,NASDAQ
1992-1-1,10845.00,4.03,102.27,7.30,164083.00,676.00,871.00,416.08,67.50,6380.80,8.80,254.78,5.20,107.10,132.00,18.79,135.70,8.01,99.10,30636.00,1.00,58.40,75.697,8.01,620.21
1992-1-2,10904.00,4.06,103.02,7.40,164260.00,639.00,873.38,412.56,68.80,6380.80,9.20,255.03,4.90,108.00,132.00,19.01,136.10,8.38,99.10,30636.00,2.00,58.40,75.652,8.38,633.47
1992-1-3,10986.00,3.98,102.84,7.40,163747.00,553.00,874.65,407.36,76.00,6380.80,9.20,255.29,6.10,110.30,130.20,18.92,136.60,8.58,98.70,30636.00,3.00,58.40,75.812,8.58,603.77
1992-1-4,10738.00,3.73,102.59,7.40,164759.00,546.00,881.15,407.41,77.20,6492.30,9.40,255.59,6.10,112.10,130.10,20.23,136.50,8.47,99.00,30636.00,4.00,58.50,76.079,8.47,578.68
1992-1-5,10777.00,3.82,102.65,7.60,165617.00,554.00,881.75,414.81,79.20,6492.30,9.40,255.89,6.00,113.20,131.30,20.98,136.70,8.29,98.50,30636.00,5.00,58.40,76.398,8.29,585.31
1992-1-6,10790.00,3.76,102.62,7.80,166098.00,596.00,879.41,408.27,80.40,6492.30,9.50,256.20,5.60,114.10,129.90,22.39,137.70,8.08,98.70,30636.00,6.00,58.50,76.603,8.08,563.6
1992-1-7,10785.00,3.25,102.95,7.70,167305.00,627.00,878.63,415.05,76.60,6586.55,9.10,256.51,5.30,114.60,132.80,21.78,138.30,7.67,98.30,30636.00,7.00,58.50,76.713,7.67,580.83
1992-1-8,10915.00,3.30,103.41,7.60,167797.00,636.00,880.23,417.93,76.10,6586.55,9.20,256.86,5.20,115.10,132.50,21.34,138.60,7.49,98.70,30636.00,8.00,58.70,76.734,7.49,563.12
1992-1-9,10980.00,3.22,103.80,7.60,169407.00,650.00,882.95,418.48,75.60,6586.55,8.20,257.19,5.00,115.20,133.20,21.88,138.40,7.41,98.50,30636.00,9.00,58.90,76.632,7.41,583.27
1992-1-10,10971.00,3.10,104.10,7.30,170681.00,621.00,885.78,412.50,73.30,6697.55,7.40,257.50,5.10,117.20,133.20,21.69,138.50,7.55,97.80,30636.00,10.00,59.40,76.602,7.55,605.17
1992-1-11,10873.00,3.09,104.42,7.40,171025.00,614.00,887.06,422.84,85.30,6697.55,7.30,257.80,5.40,118.60,132.40,20.34,138.50,7.80,98.20,30636.00,11.00,59.70,76.584,7.8,652.73
1992-1-12,11082.00,2.92,104.31,7.40,172995.00,650.00,887.80,435.64,91.00,6697.55,9.90,258.06,5.00,120.60,132.60,19.41,138.50,7.74,98.40,30636.00,12.00,60.00,76.469,7.74,676.95
1993-1-1,11333.00,3.02,104.37,7.30,175078.00,596.00,886.11,435.23,89.30,6748.18,8.30,258.33,5.40,123.80,132.80,19.03,139.30,7.51,98.90,31241.00,13.00,60.40,76.4,7.51,696.34
1993-1-2,11410.00,3.03,104.15,7.10,173770.00,604.00,886.90,441.70,86.60,6748.18,8.40,258.57,5.30,125.50,132.90,20.09,139.70,7.17,99.60,31241.00,14.00,60.70,76.332,7.17,670.77
1993-1-3,11184.00,3.07,104.47,7.00,172328.00,602.00,889.81,450.16,85.90,6748.18,8.30,258.81,5.40,126.40,132.50,20.32,140.20,7.00,100.10,31241.00,15.00,60.80,76.387,7,690.13
1993-1-4,11417.00,2.96,105.15,7.10,176766.00,701.00,892.71,443.08,85.60,6829.59,8.20,259.07,4.70,128.80,132.20,20.25,140.40,6.94,101.00,31241.00,16.00,60.90,76.665,6.94,661.42
1993-1-5,11720.00,3.00,105.34,7.10,178445.00,626.00,898.15,445.25,80.30,6829.59,7.70,259.34,5.30,130.20,131.50,19.95,140.50,6.93,101.10,31241.00,17.00,61.10,77.034,6.93,700.53
1993-1-6,11669.00,3.04,105.73,7.00,178201.00,653.00,902.36,448.06,81.50,6829.59,7.20,259.62,5.20,131.40,132.00,19.09,141.50,6.92,101.20,31241.00,18.00,61.40,77.519,6.92,703.95
1993-1-7,11781.00,3.06,105.79,6.90,180759.00,655.00,904.44,447.29,77.00,6904.22,7.00,259.92,5.30,131.50,132.20,17.89,141.90,6.72,102.20,31241.00,19.00,61.80,77.888,6.72,704.7
1993-1-8,11875.00,3.03,106.14,6.80,180692.00,645.00,907.30,454.13,77.30,6904.22,7.10,260.23,5.50,131.60,132.80,18.01,142.30,6.63,102.60,31241.00,20.00,61.90,78.134,6.63,742.84
1993-1-9,11786.00,3.09,106.54,6.70,181800.00,726.00,910.70,459.24,77.90,6904.22,6.30,260.54,4.90,131.60,132.70,17.50,142.30,6.43,102.40,31241.00,21.00,62.10,78.203,6.43,762.78
1993-1-10,11908.00,2.99,106.84,6.80,182910.00,704.00,914.86,463.90,82.70,7032.84,5.60,260.84,5.00,131.40,132.30,18.15,142.20,6.37,103.00,31241.00,22.00,62.50,78.178,6.37,779.26
1993-1-11,12297.00,3.02,107.10,6.60,184746.00,769.00,919.22,462.89,81.20,7032.84,5.60,261.10,4.80,131.60,131.90,16.61,142.00,6.69,103.20,31241.00,23.00,63.00,78.178,6.69,754.39
1993-1-12,12583.00,2.96,107.61,6.50,186339.00,812.00,928.63,465.95,88.20,7032.84,8.40,261.35,4.50,132.50,131.90,14.52,142.30,6.68,104.70,31241.00,24.00,63.20,78.122,6.68,776.8
1994-1-1,12316.00,3.05,107.89,6.60,185128.00,619.00,929.52,472.99,94.30,7136.26,6.40,261.60,5.90,132.80,130.80,15.03,142.90,6.57,105.10,32264.00,25.00,63.30,78.206,6.57,800.47
1994-1-2,12233.00,3.25,108.12,6.60,188077.00,686.00,929.54,471.58,93.20,7136.26,5.90,261.81,5.00,132.90,130.40,14.78,143.70,6.66,106.20,32264.00,26.00,63.50,78.213,6.66,792.5
1994-1-3,12767.00,3.34,108.51,6.50,191588.00,747.00,931.84,463.81,91.50,7136.26,6.20,262.04,4.80,137.00,130.30,14.68,144.10,7.18,106.20,32264.00,27.00,63.50,78.358,7.18,743.46
1994-1-4,13076.00,3.56,108.84,6.40,191632.00,692.00,935.52,447.23,92.60,7269.85,5.80,262.32,5.20,137.30,132.10,16.42,143.90,7.80,107.00,32264.00,28.00,63.50,78.713,7.8,733.84
1994-1-5,13033.00,4.01,109.19,6.10,190940.00,691.00,939.78,450.90,92.80,7269.85,7.10,262.57,5.30,137.20,133.20,17.89,144.10,8.08,107.70,32264.00,29.00,63.80,79.221,8.08,735.19
1994-1-6,12987.00,4.25,109.40,6.10,193196.00,621.00,944.68,454.83,91.20,7269.85,6.30,262.84,6.20,138.90,134.60,19.06,144.90,7.91,107.60,32264.00,30.00,64.20,79.714,7.91,705.96
1994-1-7,13130.00,4.26,109.53,6.10,193763.00,628.00,951.41,451.40,89.00,7352.26,6.40,263.13,6.30,137.80,135.30,19.66,145.40,8.11,108.20,32264.00,31.00,64.40,80.075,8.11,722.16
1994-1-8,13224.00,4.47,109.78,6.00,196157.00,656.00,957.48,464.24,91.70,7352.26,5.90,263.42,6.10,137.70,136.90,18.38,145.90,8.02,108.40,32264.00,32.00,64.70,80.328,8.02,765.62
1994-1-9,13375.00,4.73,109.90,5.90,197754.00,677.00,965.12,466.96,91.50,7352.26,6.20,263.72,6.00,137.90,141.10,17.45,145.80,8.13,109.20,32264.00,33.00,65.10,80.349,8.13,764.29
1994-1-10,13550.00,4.76,110.14,5.80,199579.00,715.00,971.27,463.81,92.70,7476.66,6.50,264.00,5.60,137.50,146.30,17.72,145.70,8.39,109.40,32264.00,34.00,65.50,80.312,8.39,777.49
1994-1-11,13384.00,5.29,110.40,5.60,199723.00,646.00,977.80,461.01,91.60,7476.66,6.40,264.26,6.30,137.30,148.80,18.07,145.50,8.67,109.50,32264.00,35.00,66.00,80.177,8.67,750.32
1994-1-12,13981.00,5.45,110.38,5.50,200670.00,629.00,987.83,455.19,95.10,7476.66,6.50,264.51,6.60,137.30,152.60,17.16,145.40,8.80,109.50,32264.00,36.00,66.70,80.087,8.8,751.96
1995-1-1,13738.00,5.53,110.80,5.60,201583.00,626.00,996.82,465.25,97.60,7545.30,6.90,264.75,6.80,137.50,156.90,18.04,146.40,8.80,112.00,34076.00,37.00,67.00,80.038,8.8,755.2
1995-1-2,13613.00,5.92,111.30,5.40,198383.00,559.00,1006.15,481.92,95.10,7545.30,7.30,264.98,7.30,137.50,160.60,18.57,147.00,8.46,113.50,34076.00,38.00,67.00,80.008,8.46,793.73
1995-1-3,13587.00,5.98,111.20,5.40,200230.00,616.00,1013.56,493.15,90.30,7545.30,7.00,265.21,6.80,137.30,161.50,18.54,147.40,8.06,114.70,34076.00,39.00,67.00,80.097,8.06,817.21
1995-1-4,13415.00,6.05,111.40,5.80,201048.00,621.00,1019.85,507.91,92.50,7604.92,6.30,265.47,6.70,136.90,164.50,19.90,147.40,7.88,115.40,34076.00,40.00,67.00,80.39,7.88,843.98
1995-1-5,13370.00,6.01,111.51,5.60,202993.00,674.00,1027.79,523.81,89.80,7604.92,6.50,265.72,6.30,136.30,164.70,19.74,147.60,7.51,115.60,34076.00,41.00,67.20,80.712,7.51,864.58
1995-1-6,13548.00,6.00,111.92,5.60,205507.00,725.00,1035.13,539.35,92.70,7604.92,6.10,265.99,5.80,136.50,164.50,18.45,148.50,7.06,115.20,34076.00,42.00,67.30,81.089,7.06,933.45
1995-1-7,13645.00,5.85,112.45,5.70,204959.00,765.00,1044.45,557.37,94.40,7706.53,6.40,266.28,5.60,135.40,162.70,17.33,149.20,7.09,115.10,34076.00,43.00,67.20,81.431,7.09,1001.21
1995-1-8,13683.00,5.74,112.73,5.70,206529.00,701.00,1049.23,559.11,96.20,7706.53,6.10,266.57,6.10,135.90,160.80,18.02,149.60,7.36,116.20,34076.00,44.00,67.40,81.673,7.36,1020.11
1995-1-9,13837.00,5.80,112.95,5.60,206978.00,678.00,1054.84,578.77,88.90,7706.53,6.10,266.88,6.30,135.70,158.20,18.23,149.50,7.16,115.50,34076.00,45.00,67.60,81.759,7.16,1043.54
1995-1-10,13932.00,5.76,113.05,5.50,206157.00,696.00,1057.23,582.92,90.20,7799.49,6.50,267.18,6.30,134.40,154.60,17.43,149.70,7.01,114.10,34076.00,46.00,67.70,81.749,7.01,1036.06
1995-1-11,14092.00,5.80,113.27,5.60,208661.00,664.00,1060.84,595.53,88.20,7799.49,6.00,267.44,6.80,132.60,151.10,17.99,149.40,6.89,114.40,34076.00,47.00,67.60,81.654,6.89,1059.2
1995-1-12,14683.00,5.60,113.70,5.60,210434.00,709.00,1062.07,614.57,91.00,7799.49,5.50,267.67,6.40,132.00,147.80,19.03,149.70,6.74,113.40,34076.00,48.00,67.60,81.537,6.74,1052.13
1996-1-1,14023.00,5.56,114.17,5.60,208731.00,714.00,1068.29,614.42,89.30,7893.15,6.10,267.88,6.40,131.70,146.10,18.86,150.60,6.55,112.80,35492.00,49.00,67.90,81.451,6.55,1059.79
1996-1-2,14036.00,5.22,114.36,5.50,212011.00,769.00,1071.51,649.54,88.50,7893.15,6.10,268.09,5.30,132.00,144.70,19.09,151.20,6.56,112.10,35492.00,50.00,67.90,81.424,6.56,1100.05
1996-1-3,14153.00,5.31,114.72,5.50,213855.00,721.00,1077.42,647.07,93.70,7893.15,6.00,268.32,6.20,131.80,145.00,21.33,151.70,7.11,111.20,35492.00,51.00,67.90,81.69,7.11,1101.4
1996-1-4,14340.00,5.22,115.05,5.60,214644.00,736.00,1079.33,647.17,92.70,8061.54,5.00,268.58,6.00,129.40,144.40,23.50,151.80,7.44,111.80,35492.00,52.00,67.70,82.149,7.44,1190.52
1996-1-5,14450.00,5.24,115.33,5.60,216304.00,746.00,1081.66,661.23,89.40,8061.54,6.10,268.84,5.90,127.90,147.20,21.17,152.00,7.58,112.80,35492.00,53.00,67.90,82.626,7.58,1243.43
1996-1-6,14902.00,5.27,115.44,5.30,216059.00,721.00,1084.79,668.50,92.40,8061.54,6.50,269.11,6.00,127.60,148.70,20.42,152.70,7.83,113.30,35492.00,54.00,68.30,83.075,7.83,1185.02
1996-1-7,14826.00,5.40,115.86,5.50,216374.00,770.00,1080.64,644.07,94.70,8159.04,6.10,269.39,5.70,127.70,149.80,21.30,153.60,7.77,113.20,35492.00,55.00,68.80,83.447,7.77,1080.59
1996-1-8,14981.00,5.22,115.81,5.10,216355.00,826.00,1089.13,662.68,95.30,8159.04,5.90,269.70,5.00,128.10,151.90,21.90,154.00,7.52,113.20,35492.00,56.00,69.00,83.675,7.52,1141.5
1996-1-9,14989.00,5.30,116.17,5.20,219240.00,770.00,1096.35,674.88,94.70,8159.04,6.00,270.02,5.20,128.00,154.40,23.97,153.90,7.75,113.30,35492.00,57.00,69.00,83.732,7.75,1226.92
1996-1-10,15040.00,5.24,116.25,5.20,221039.00,720.00,1104.93,701.46,96.50,8287.08,5.80,270.31,5.60,129.40,154.50,24.88,154.00,7.43,112.90,35492.00,58.00,69.20,83.658,7.43,1221.51
1996-1-11,15264.00,5.31,116.58,5.40,220989.00,771.00,1112.16,735.67,99.20,8287.08,5.80,270.61,5.20,130.00,154.60,23.71,153.90,7.14,112.40,35492.00,59.00,69.30,83.585,7.14,1292.61
1996-1-12,14980.00,5.29,116.89,5.40,221898.00,805.00,1122.96,743.25,96.90,8287.08,5.70,270.86,5.00,130.80,154.20,25.23,154.00,7.10,111.90,35492.00,60.00,69.40,83.518,7.1,1291.03
1997-1-1,15197.00,5.25,117.08,5.30,223524.00,830.00,1129.93,766.22,97.40,8402.06,5.60,271.09,4.70,133.50,154.10,25.13,155.10,7.33,111.50,37005.00,61.00,69.80,83.557,7.33,1379.85
1997-1-2,15561.00,5.19,117.34,5.20,225409.00,801.00,1135.10,798.39,99.70,8402.06,5.70,271.32,4.50,134.30,154.80,22.18,155.80,7.15,111.70,37005.00,62.00,69.80,83.621,7.15,1309
1997-1-3,15862.00,5.39,117.86,5.20,226136.00,831.00,1147.79,792.16,100.00,8402.06,5.80,271.56,4.10,136.30,155.60,20.97,155.90,7.41,111.60,37005.00,63.00,69.80,83.937,7.41,1221.7
1997-1-4,15709.00,5.51,118.09,5.10,224588.00,744.00,1160.66,763.93,101.40,8551.94,5.90,271.82,4.70,137.30,155.60,19.70,155.80,7.68,112.40,37005.00,64.00,70.00,84.352,7.68,1260.76
1997-1-5,15805.00,5.50,118.52,4.90,222906.00,760.00,1172.06,833.09,103.20,8551.94,6.20,272.08,4.60,139.00,155.50,20.82,155.90,7.47,111.20,37005.00,65.00,70.10,84.899,7.47,1400.32
1997-1-6,15918.00,5.56,118.58,5.00,226048.00,793.00,1183.61,876.29,104.50,8551.94,6.00,272.36,4.40,140.00,156.00,19.26,156.90,7.24,111.20,37005.00,66.00,70.30,85.432,7.24,1442.07
1997-1-7,15973.00,5.52,118.90,4.90,228738.00,805.00,1190.40,925.29,107.10,8691.76,5.50,272.65,4.40,143.10,155.70,19.66,157.50,7.04,112.20,37005.00,67.00,70.60,85.875,7.04,1593.81
1997-1-8,16027.00,5.54,119.33,4.80,229317.00,815.00,1196.30,927.24,104.40,8691.76,5.40,272.97,4.30,146.30,154.00,19.95,157.60,7.02,111.90,37005.00,68.00,70.70,86.183,7.02,1587.32
1997-1-9,16283.00,5.54,119.46,4.90,230284.00,840.00,1208.51,937.02,106.00,8691.76,5.60,273.29,4.20,148.50,152.40,19.80,157.70,6.99,112.80,37005.00,69.00,71.20,86.343,6.99,1685.69
1997-1-10,16232.00,5.50,120.10,4.70,229822.00,800.00,1214.96,951.16,105.60,8788.32,5.60,273.59,4.30,151.20,152.30,21.33,157.70,6.85,112.90,37005.00,70.00,71.40,86.44,6.85,1593.61
1997-1-11,16158.00,5.52,120.48,4.60,230486.00,864.00,1219.50,938.92,107.20,8788.32,5.80,273.87,3.90,152.80,151.10,20.19,157.70,6.76,113.30,37005.00,71.00,71.60,86.664,6.76,1600.55
1997-1-12,16356.00,5.50,120.90,4.70,231197.00,793.00,1220.59,962.37,102.10,8788.32,5.80,274.11,4.40,154.50,150.30,18.33,157.70,6.66,113.30,37005.00,72.00,71.60,86.88,6.58,1570.35
1998-1-1,16436.00,5.56,121.32,4.60,231605.00,872.00,1224.40,963.36,106.60,8889.73,6.70,274.37,4.00,155.80,150.40,16.72,158.30,6.58,113.30,38885.00,73.00,71.60,87.196,6.64,1619.36
1998-1-2,16462.00,5.51,122.20,4.60,231664.00,866.00,1237.62,1023.74,110.40,8889.73,6.80,274.58,3.90,158.80,147.60,16.06,158.80,6.64,113.20,38885.00,74.00,71.40,87.407,6.74,1770.51
1998-1-3,16511.00,5.49,122.61,4.70,233043.00,836.00,1252.38,1076.83,106.50,8889.73,6.90,274.78,4.10,160.10,145.10,15.12,159.20,6.74,113.00,38885.00,75.00,71.40,87.91,6.78,1835.68
1998-1-4,16716.00,5.45,123.20,4.30,235976.00,866.00,1259.02,1112.20,108.70,8994.74,6.60,275.04,4.00,160.50,144.40,15.35,159.50,6.78,113.60,38885.00,76.00,71.70,88.59,6.78,1868.41
1998-1-5,16741.00,5.49,123.69,4.40,237055.00,887.00,1259.78,1108.42,106.50,8994.74,6.30,275.30,3.90,160.70,142.60,14.91,159.70,6.78,113.80,38885.00,77.00,71.80,89.406,6.67,1778.87
1998-1-6,16662.00,5.56,124.48,4.50,238958.00,923.00,1261.01,1108.39,105.60,8994.74,6.20,275.57,3.80,159.90,140.10,13.72,160.60,6.67,113.80,38885.00,78.00,72.40,90.226,6.62,1894.74
1998-1-7,16819.00,5.54,124.77,4.50,237423.00,876.00,1265.51,1156.58,105.20,9146.52,6.30,275.85,4.00,159.50,138.30,14.17,161.20,6.62,113.60,38885.00,79.00,72.70,90.891,6.61,1872.39
1998-1-8,16828.00,5.55,125.34,4.50,236412.00,846.00,1271.83,1074.62,104.40,9146.52,6.20,276.16,4.10,158.10,137.00,13.47,161.50,6.61,113.20,38885.00,80.00,72.70,91.438,6.4,1499.25
1998-1-9,16972.00,5.51,126.14,4.60,238542.00,864.00,1275.41,1020.64,100.90,9146.52,5.80,276.45,4.10,155.10,133.20,15.03,161.50,6.40,111.80,38885.00,81.00,72.70,91.783,6.36,1693.84
1998-1-10,17209.00,5.07,126.64,4.50,242531.00,893.00,1283.88,1032.47,97.40,9325.65,5.60,276.75,4.00,153.80,131.80,14.46,161.40,6.36,111.00,38885.00,82.00,73.00,92.03,6.51,1771.39
1998-1-11,17341.00,4.83,127.49,4.40,244307.00,995.00,1302.75,1144.43,102.70,9325.65,5.70,277.02,3.50,152.50,130.40,13.00,161.30,6.51,107.40,38885.00,83.00,73.50,92.227,6.39,1949.54
1998-1-12,17702.00,4.68,128.07,4.40,246577.00,949.00,1311.23,1190.05,100.50,9325.65,5.20,277.27,3.80,151.40,129.20,11.35,161.30,6.39,105.30,38885.00,84.00,74.00,92.474,6.43,2192.69
1999-1-1,17732.00,4.63,128.80,4.30,246891.00,875.00,1317.39,1248.77,103.90,9447.10,5.70,277.53,3.90,149.60,130.10,12.52,161.80,6.43,102.20,40696.00,85.00,71.30,92.744,6.44,2505.89
1999-1-2,17943.00,4.76,129.35,4.40,249510.00,848.00,1320.18,1246.58,108.10,9447.10,5.60,277.74,4.00,148.20,129.70,12.01,162.30,6.44,100.40,40696.00,86.00,71.40,93.011,6.68,2288.03
1999-1-3,17760.00,4.81,129.87,4.20,250657.00,863.00,1326.23,1281.66,105.70,9447.10,5.30,277.94,4.10,146.60,130.80,14.68,162.80,6.68,100.00,40696.00,87.00,71.70,93.642,6.53,2461.4
1999-1-4,17791.00,4.74,130.55,4.30,252418.00,918.00,1332.05,1334.76,104.60,9557.01,4.50,278.20,3.90,145.80,132.30,17.31,163.00,6.53,99.30,40696.00,88.00,72.00,94.468,6.75,2542.86
1999-1-5,17914.00,4.74,131.31,4.20,254738.00,888.00,1341.04,1332.07,106.80,9557.01,4.30,278.46,4.00,146.30,136.20,17.72,163.00,6.75,98.90,40696.00,89.00,72.40,95.394,7.18,2470.52
1999-1-6,17969.00,4.76,131.92,4.30,255472.00,923.00,1347.11,1322.55,107.30,9557.01,4.20,278.75,3.90,146.80,137.50,17.92,164.10,7.18,99.40,40696.00,90.00,72.70,96.396,7.26,2686.12
1999-1-7,18183.00,4.99,132.64,4.30,257441.00,900.00,1354.32,1380.99,106.00,9712.28,4.10,279.04,4.00,147.40,142.60,20.10,164.70,7.26,99.00,40696.00,91.00,73.00,97.224,7.53,2638.49
1999-1-8,18341.00,5.07,133.49,4.20,260253.00,893.00,1369.88,1327.49,104.50,9712.28,4.00,279.35,4.00,147.90,144.30,21.28,165.00,7.53,98.90,40696.00,92.00,73.20,97.93,7.44,2739.35
1999-1-9,18175.00,5.22,133.87,4.20,261352.00,826.00,1389.10,1318.17,107.20,9712.28,3.50,279.65,4.50,147.80,147.90,23.80,165.20,7.44,98.50,40696.00,93.00,73.20,98.434,7.47,2746.16
1999-1-10,18606.00,5.20,134.72,4.10,261825.00,872.00,1411.59,1300.01,103.20,9926.10,3.90,279.95,4.20,147.60,161.30,22.69,165.00,7.47,97.60,40696.00,94.00,73.40,98.87,7.36,2966.43
1999-1-11,18944.00,5.42,135.25,4.10,264883.00,863.00,1424.98,1391.00,107.20,9926.10,4.10,280.22,4.30,148.60,161.30,25.00,164.90,7.36,98.00,40696.00,95.00,73.50,99.189,7.52,3336.16
1999-1-12,19125.00,5.30,135.92,4.00,269876.00,873.00,1460.12,1428.68,105.40,9926.10,3.70,280.47,4.30,148.40,159.10,26.10,164.80,7.52,97.90,40696.00,96.00,73.80,99.583,7.8,4069.31
2000-1-1,19613.00,5.45,137.50,4.00,268091.00,873.00,1480.82,1425.59,112.00,10031.03,4.70,280.55,4.30,147.70,158.30,27.26,166.00,7.80,99.10,41990.00,97.00,74.70,100,7.93,3940.35
2000-1-2,19193.00,5.73,137.35,4.10,272020.00,856.00,1491.66,1388.87,111.30,10031.03,4.20,280.87,4.30,146.70,159.50,29.37,167.10,7.93,99.40,41990.00,98.00,75.00,100.57,7.83,4696.69
2000-1-3,20175.00,5.85,138.39,4.00,275214.00,900.00,1517.71,1442.21,107.10,10031.03,3.90,281.22,4.30,147.10,163.20,29.84,167.80,7.83,101.30,41990.00,99.00,75.20,101.465,7.8,4572.83
2000-1-4,18986.00,6.02,139.31,3.80,271004.00,841.00,1541.19,1461.36,109.20,10278.34,4.40,281.42,4.40,147.00,164.30,25.72,167.90,7.80,102.10,41990.00,100.00,75.30,102.54,8.18,3860.66
2000-1-5,18941.00,6.27,139.97,4.00,271418.00,857.00,1565.04,1418.48,110.70,10278.34,4.30,281.64,4.40,147.80,167.50,28.79,168.10,8.18,102.90,41990.00,101.00,75.50,103.702,7.99,3400.91
2000-1-6,18878.00,6.53,140.89,4.00,273440.00,793.00,1585.27,1461.96,106.40,10278.34,4.20,281.89,4.80,147.50,167.00,31.82,169.60,7.99,101.90,41990.00,102.00,75.90,104.855,7.87,3966.11
2000-1-7,18982.00,6.54,141.64,4.00,272638.00,887.00,1600.61,1473.00,108.30,10357.45,4.60,282.16,4.10,147.80,167.30,29.70,170.60,7.87,101.90,41990.00,103.00,76.00,105.721,7.76,3766.99
2000-1-8,18951.00,6.50,142.21,4.10,272943.00,848.00,1613.59,1485.46,107.30,10357.45,4.60,282.42,4.40,147.20,167.80,31.26,170.90,7.76,101.00,41990.00,104.00,76.10,106.521,7.6,4206.35
2000-1-9,18926.00,6.52,143.10,3.90,277523.00,912.00,1624.87,1468.05,106.80,10357.45,3.80,282.69,4.00,147.70,163.70,33.88,171.40,7.60,100.50,41990.00,105.00,76.40,107.135,7.47,3672.82
2000-1-10,18965.00,6.51,143.88,3.90,276973.00,933.00,1625.25,1390.14,105.80,10472.29,4.00,282.96,4.00,149.90,166.00,33.11,171.70,7.47,99.90,41990.00,106.00,76.50,107.728,7.42,3369.63
2000-1-11,18689.00,6.51,144.78,3.90,275923.00,880.00,1635.02,1378.04,107.60,10472.29,3.80,283.20,4.20,149.50,164.30,34.42,171.60,7.42,98.80,41990.00,107.00,76.70,108.291,7.06,2597.93
2000-1-12,19356.00,6.40,145.61,3.90,275736.00,983.00,1638.54,1330.93,98.40,10472.29,3.50,283.44,3.60,149.30,162.90,28.44,171.90,7.06,97.80,41990.00,108.00,77.10,108.791,6.64,2470.52
2001-1-1,19248.00,5.98,146.55,4.20,278916.00,936.00,1641.37,1335.63,94.70,10508.12,4.00,283.65,3.80,150.10,165.60,29.59,174.10,6.64,96.40,42228.00,109.00,77.70,109.215,6.64,2772.73
2001-1-2,19698.00,5.49,147.55,4.20,278799.00,963.00,1654.82,1305.75,90.60,10508.12,4.10,283.84,3.70,149.20,167.10,29.61,174.70,6.64,95.70,42228.00,110.00,78.00,109.643,6.51,2151.83
2001-1-3,19562.00,5.31,148.37,4.30,276468.00,939.00,1668.26,1185.85,91.50,10508.12,4.50,284.05,3.80,150.00,169.30,27.25,175.40,6.51,96.10,42228.00,111.00,78.20,110.394,6.6,1840.26
2001-1-4,20373.00,4.80,149.20,4.40,280804.00,909.00,1682.51,1189.84,88.40,10638.38,4.30,284.27,3.90,149.50,169.60,27.49,175.40,6.60,95.10,42228.00,112.00,78.60,111.247,6.68,2116.24
2001-1-5,20147.00,4.21,149.89,4.30,281540.00,885.00,1695.32,1270.37,92.00,10638.38,3.70,284.49,4.00,149.40,167.60,28.63,175.90,6.68,95.60,42228.00,113.00,79.20,112.202,6.7,2110.49
2001-1-6,19900.00,3.97,150.59,4.50,280399.00,882.00,1699.92,1238.71,92.60,10638.38,3.70,284.73,4.20,148.00,165.30,27.60,177.30,6.70,95.60,42228.00,114.00,79.60,113.273,6.68,2160.54
2001-1-7,19838.00,3.77,151.46,4.60,279522.00,880.00,1702.64,1204.45,92.40,10639.49,5.00,284.97,4.20,146.50,160.40,26.43,177.60,6.68,96.00,42228.00,115.00,80.00,114.23,6.5,2027.13
2001-1-8,19920.00,3.65,152.19,4.90,281423.00,866.00,1703.84,1178.50,91.50,10639.49,6.10,285.22,4.40,146.00,155.60,27.37,178.00,6.50,94.70,42228.00,116.00,80.80,114.991,6.34,1805.43
2001-1-9,19664.00,3.07,152.98,5.00,276095.00,853.00,1714.49,1044.64,81.80,10639.49,6.30,285.49,4.40,145.90,150.60,26.20,177.40,6.34,94.90,42228.00,117.00,81.00,115.467,6.1,1498.8
2001-1-10,20054.00,2.49,153.90,5.30,294613.00,871.00,1717.32,1076.59,82.70,10701.32,2.70,285.69,4.30,145.20,151.50,22.17,176.70,6.10,94.20,42228.00,118.00,81.50,115.682,6.15,1690.2
2001-1-11,19982.00,2.09,154.37,5.50,286960.00,924.00,1739.30,1129.68,83.90,10701.32,3.40,285.92,4.10,144.30,149.90,19.64,176.90,6.15,93.50,42228.00,119.00,81.50,115.839,6.54,1930.58
2001-1-12,20120.00,1.82,155.37,5.70,283708.00,979.00,1757.71,1144.93,88.80,10701.32,3.80,286.14,3.80,143.90,146.30,19.39,176.90,6.54,93.60,42228.00,120.00,81.20,116.055,6.48,1950.4
2002-1-1,20359.00,1.73,156.32,5.70,283577.00,880.00,1755.31,1140.21,93.00,10834.45,5.60,286.34,4.20,142.30,142.70,19.72,177.60,6.48,93.50,42409.00,121.00,80.60,116.437,6.38,1934.03
2002-1-2,20515.00,1.74,157.19,5.70,285061.00,948.00,1766.61,1100.67,90.70,10834.45,5.30,286.54,4.00,141.30,141.20,20.72,178.50,6.38,92.50,42409.00,122.00,80.90,116.917,6.52,1731.49
2002-1-3,20370.00,1.73,158.19,5.70,284263.00,923.00,1771.56,1153.79,95.70,10834.45,5.30,286.72,4.10,141.40,141.70,24.53,179.10,6.52,93.70,42409.00,123.00,81.20,117.931,6.48,1845.35
2002-1-4,21274.00,1.75,159.06,5.90,288820.00,936.00,1782.19,1111.93,93.00,10934.75,5.10,286.93,4.30,141.00,143.00,26.18,179.50,6.48,93.50,42409.00,124.00,81.40,119.211,6.28,1688.23
2002-1-5,20874.00,1.75,160.14,5.80,284994.00,978.00,1790.85,1079.25,96.90,10934.75,5.60,287.15,4.00,140.60,144.10,27.04,179.70,6.28,94.50,42409.00,125.00,81.70,120.79,6.11,1615.73
2002-1-6,20725.00,1.75,161.13,5.80,287401.00,957.00,1817.04,1014.02,92.40,10934.75,5.40,287.39,4.20,138.60,146.20,25.52,180.70,6.11,96.30,42409.00,126.00,81.90,122.334,5.93,1463.21
2002-1-7,20674.00,1.73,162.16,5.80,290427.00,956.00,1837.17,903.59,88.10,11037.06,4.60,287.63,4.20,139.30,153.40,26.97,181.20,5.93,96.40,42409.00,127.00,81.70,123.687,5.7,1328.26
2002-1-8,20683.00,1.74,163.22,5.70,292582.00,1014.00,1866.94,912.55,87.60,11037.06,4.40,287.87,4.00,140.90,154.20,28.39,181.70,5.70,97.00,42409.00,128.00,81.40,124.729,5.51,1314.85
2002-1-9,20732.00,1.75,164.23,5.70,288434.00,1044.00,1901.93,867.81,86.10,11037.06,4.90,288.13,3.90,141.40,154.30,29.66,181.50,5.51,96.80,42409.00,129.00,81.80,125.492,5.5,1172.06
2002-1-10,20603.00,1.75,165.34,5.70,289634.00,1006.00,1946.97,854.63,80.60,11103.83,4.70,288.38,4.00,142.70,156.60,28.84,181.40,5.50,96.60,42409.00,130.00,82.30,126.135,5.46,1329.75
2002-1-11,20969.00,1.34,166.31,5.90,291475.00,1024.00,1980.56,909.93,84.20,11103.83,4.70,288.61,4.00,143.80,155.10,26.35,181.20,5.46,96.20,42409.00,131.00,81.90,126.64,5.45,1478.78
2002-1-12,20415.00,1.24,167.51,6.00,293819.00,1048.00,2009.67,899.18,86.70,11103.83,4.50,288.80,4.00,143.60,153.90,29.46,181.10,5.45,95.60,42409.00,132.00,82.60,127.149,5.3,1335.51
2003-1-1,21270.00,1.24,168.54,5.80,295294.00,999.00,2033.64,895.84,82.40,11230.08,4.50,289.00,4.00,144.60,157.80,32.95,182.30,5.30,95.70,43318.00,133.00,83.70,127.652,5.22,1320.91
2003-1-2,20041.00,1.26,169.62,5.90,291178.00,936.00,2067.72,837.03,79.90,11230.08,4.80,289.13,4.50,144.70,164.20,35.83,183.20,5.22,95.20,43318.00,134.00,84.50,128.327,5.07,1337.52
2003-1-3,21326.00,1.25,170.18,5.90,296347.00,999.00,2083.84,846.63,77.60,11230.08,4.60,289.26,4.10,147.80,172.70,33.51,184.30,5.07,96.30,43318.00,135.00,85.00,129.31,5.12,1341.17
2003-1-4,21139.00,1.26,171.25,6.00,295643.00,1012.00,2106.97,890.03,86.00,11370.65,4.60,289.40,4.10,151.20,176.30,28.17,184.10,5.12,98.10,43318.00,136.00,85.30,130.49,4.86,1464.31
2003-1-5,21328.00,1.26,172.18,6.10,296395.00,1078.00,2131.62,935.96,92.10,11370.65,5.10,289.55,3.90,154.10,175.40,28.11,184.50,4.86,98.60,43318.00,137.00,85.20,131.841,4.63,1595.91
2003-1-6,22003.00,1.22,172.99,6.30,299662.00,1193.00,2150.65,988.00,89.70,11370.65,4.90,289.82,3.50,158.00,171.30,30.66,185.30,4.63,98.80,43318.00,138.00,85.30,133.225,4.97,1622.8
2003-1-7,22372.00,1.01,174.26,6.20,302788.00,1168.00,2178.14,992.54,90.90,11625.14,5.50,290.11,3.60,163.30,166.90,30.76,185.90,4.97,98.10,43318.00,139.00,85.10,134.645,5.59,1735.02
2003-1-8,22489.00,1.03,175.53,6.10,307745.00,1206.00,2221.36,989.53,89.30,11625.14,5.30,290.39,3.50,162.70,164.60,31.57,186.10,5.59,98.90,43318.00,140.00,85.90,135.963,5.46,1810.45
2003-1-9,22630.00,1.01,176.97,6.10,305916.00,1131.00,2235.30,1019.44,87.70,11625.14,4.50,290.66,3.80,156.80,166.20,28.31,185.80,5.46,99.70,43318.00,141.00,86.50,137.076,5.27,1786.94
2003-1-10,22869.00,1.01,178.02,6.00,304824.00,1144.00,2213.31,1038.73,89.60,11816.83,4.60,290.92,3.80,157.30,167.60,30.34,185.70,5.27,103.00,43318.00,142.00,87.10,137.977,5.27,1932.21
2003-1-11,22864.00,1.00,179.38,5.80,308551.00,1093.00,2202.37,1049.90,93.70,11816.83,4.70,291.16,4.10,163.10,166.20,31.11,185.10,5.27,103.80,43318.00,143.00,87.80,138.768,5.2,1960.26
2003-1-12,22748.00,0.98,180.91,5.70,307362.00,1129.00,2207.27,1080.64,92.60,11816.83,4.80,291.36,4.00,163.80,164.80,32.13,185.10,5.20,106.40,43318.00,144.00,88.40,139.632,5.02,2003.37
2004-1-1,22637.00,1.00,182.15,5.70,309225.00,1165.00,2224.10,1132.52,103.80,11988.40,4.50,291.55,3.80,170.20,169.00,34.31,186.30,5.02,110.30,44334.00,145.00,88.90,140.711,4.94,2066.15
2004-1-2,22727.00,1.01,183.49,5.60,311427.00,1159.00,2251.67,1143.36,94.40,11988.40,4.50,291.72,3.70,170.40,172.90,34.69,187.00,4.94,116.60,44334.00,146.00,89.40,142.034,4.74,2029.82
2004-1-3,24992.00,1.00,184.77,5.80,316935.00,1276.00,2289.82,1123.98,95.80,11988.40,4.50,291.89,3.60,170.90,174.70,36.74,187.90,4.74,126.50,44334.00,147.00,90.50,144.085,5.16,1994.22
2004-1-4,24565.00,1.00,186.32,5.60,313531.00,1186.00,2343.19,1133.36,94.20,12181.40,4.70,292.11,4.00,170.80,179.10,36.75,188.40,5.16,139.80,44334.00,148.00,91.40,146.182,5.64,1920.15
2004-1-5,24420.00,1.00,188.11,5.60,318962.00,1241.00,2384.02,1102.78,90.20,12181.40,4.70,292.35,3.80,171.60,180.40,40.28,188.90,5.64,142.30,44334.00,149.00,92.50,148.335,5.66,1986.74
2004-1-6,24622.00,1.03,190.02,5.60,314971.00,1180.00,2409.46,1132.76,95.60,12181.40,5.00,292.57,3.90,172.90,185.70,38.03,190.30,5.66,142.10,44334.00,150.00,93.00,150.517,5.46,2047.79
2004-1-7,24538.00,1.26,191.62,5.50,318532.00,1088.00,2414.18,1105.85,96.70,12367.74,4.60,292.81,4.50,172.50,189.20,40.78,190.90,5.46,142.90,44334.00,151.00,93.60,152.336,5.26,1887.36
2004-1-8,24713.00,1.43,192.97,5.40,318945.00,1175.00,2437.30,1088.94,95.90,12367.74,4.60,293.06,4.30,175.40,195.20,44.90,191.20,5.26,157.70,44334.00,152.00,94.10,153.812,5.14,1838.1
2004-1-9,25045.00,1.61,194.43,5.40,324607.00,1214.00,2466.56,1117.66,94.20,12367.74,3.90,293.31,4.10,174.40,203.80,45.94,191.00,5.14,160.50,44334.00,153.00,94.50,155.108,5.12,1896.84
2004-1-10,24842.00,1.76,195.91,5.50,326680.00,1305.00,2495.78,1117.21,91.70,12562.16,3.80,293.57,3.90,174.20,212.20,53.28,191.00,5.12,161.60,44334.00,154.00,95.10,156.299,5.14,1974.99
2004-1-11,24974.00,1.93,197.73,5.40,327837.00,1179.00,2526.10,1168.94,92.80,12562.16,3.50,293.80,4.30,173.80,219.40,48.47,190.80,5.14,163.00,44334.00,155.00,95.70,157.498,5.18,2096.81
2004-1-12,25679.00,2.16,199.41,5.40,331877.00,1242.00,2552.57,1199.21,97.10,12562.16,6.30,294.02,4.10,171.90,222.10,43.15,190.70,5.18,163.60,44334.00,156.00,96.50,158.674,5.17,2175.44
2005-1-1,26009.00,2.28,200.89,5.30,328957.00,1203.00,2575.55,1181.41,95.50,12813.73,3.20,294.23,4.40,171.00,226.60,46.84,191.80,5.17,163.60,46326.00,157.00,96.70,160.136,5.15,2062.41
2005-1-2,25793.00,2.50,202.32,5.40,332980.00,1319.00,2605.19,1199.63,94.10,12813.73,2.90,294.38,4.30,168.40,226.90,48.15,192.70,5.15,164.60,46326.00,158.00,96.40,161.932,5.46,2051.72
2005-1-3,26253.00,2.63,204.44,5.20,333293.00,1328.00,2652.06,1194.90,92.60,12813.73,2.90,294.56,4.10,168.40,229.10,54.19,194.10,5.46,162.80,46326.00,159.00,96.90,164.582,5.41,1999.23
2005-1-4,26551.00,2.79,206.17,5.20,337003.00,1260.00,2680.91,1164.43,87.70,12974.08,2.20,294.78,4.30,167.20,230.60,52.98,194.40,5.41,161.60,46326.00,160.00,97.10,167,5.28,1921.65
2005-1-5,26463.00,3.00,207.84,5.10,334454.00,1286.00,2695.98,1178.28,86.90,12974.08,3.00,295.03,4.20,168.10,226.30,49.83,194.50,5.28,161.60,46326.00,161.00,98.30,169.542,5.17,2068.22
2005-1-6,26653.00,3.04,209.62,5.00,343955.00,1274.00,2733.22,1202.25,96.00,12974.08,2.30,295.26,4.30,168.10,219.90,56.35,195.50,5.17,156.90,46326.00,162.00,99.30,172.013,5.28,2056.96
2005-1-7,26578.00,3.26,211.66,5.00,346690.00,1389.00,2782.10,1222.24,96.50,13205.45,1.90,295.52,4.20,167.70,218.70,59.00,196.60,5.28,153.80,46326.00,163.00,100.70,174.096,5.4,2184.83
2005-1-8,26745.00,3.50,213.28,4.90,343110.00,1255.00,2823.88,1224.27,89.10,13205.45,2.40,295.77,4.50,167.00,217.10,64.99,196.90,5.40,152.70,46326.00,164.00,100.80,175.922,5.36,2152.09
2005-1-9,27123.00,3.62,215.27,5.00,343633.00,1244.00,2845.25,1225.92,76.90,13205.45,2.30,296.04,4.70,167.00,223.00,65.59,197.00,5.36,157.70,46326.00,165.00,101.20,177.611,5.63,2151.69
2005-1-10,27640.00,3.78,216.44,5.00,344319.00,1336.00,2869.92,1191.96,74.20,13381.63,2.60,296.31,4.50,167.90,238.60,62.26,198.40,5.63,161.80,46326.00,166.00,101.80,178.754,5.86,2120.3
2005-1-11,27725.00,4.00,217.79,5.00,347239.00,1214.00,2894.12,1237.37,81.60,13381.63,2.70,296.51,5.00,167.10,244.30,58.32,198.50,5.86,160.40,46326.00,167.00,102.80,179.677,5.82,2232.82
2005-1-12,27308.00,4.16,219.12,4.90,347526.00,1239.00,2925.54,1262.07,91.50,13381.63,2.80,296.76,4.90,167.60,241.20,59.41,198.30,5.82,161.90,46326.00,168.00,104.00,180.111,5.71,2205.32
2006-1-1,29549.00,4.29,220.56,4.70,357360.00,1174.00,2944.13,1278.73,91.20,13648.90,3.80,296.99,5.30,165.60,240.00,65.49,200.00,5.71,162.10,48201.00,169.00,104.40,180.832,5.86,2305.82
2006-1-2,29508.00,4.49,221.01,4.80,354735.00,1061.00,2971.50,1276.65,86.70,13648.90,3.80,297.22,6.10,165.00,236.40,61.63,200.50,5.86,162.20,48201.00,170.00,104.70,181.504,5.97,2281.39
2006-1-3,29443.00,4.59,221.83,4.70,355826.00,1116.00,3000.99,1293.74,88.90,13648.90,3.80,297.42,5.90,164.30,235.40,62.69,201.30,5.97,162.80,48201.00,171.00,105.60,182.753,6.16,2339.79
2006-1-4,28900.00,4.79,222.30,4.70,357601.00,1123.00,3029.50,1302.17,87.40,13799.79,3.40,297.65,6.30,165.90,231.60,69.44,201.70,6.16,163.90,48201.00,172.00,105.70,183.65,6.21,2322.57
2006-1-5,27793.00,4.94,222.93,4.60,356524.00,1086.00,3058.52,1290.01,79.10,13799.79,3.20,297.87,6.20,164.80,232.60,70.84,202.20,6.21,166.60,48201.00,173.00,105.90,184.382,6.31,2178.88
2006-1-6,27391.00,4.99,222.85,4.60,357754.00,1074.00,3092.79,1253.17,84.90,13799.79,3.40,298.12,6.30,164.80,235.10,70.95,203.70,6.31,170.90,48201.00,174.00,105.80,184.551,6.39,2172.09
2006-1-7,27306.00,5.24,222.85,4.70,359087.00,965.00,3121.07,1260.24,84.70,13908.50,2.90,298.38,7.30,155.20,235.80,74.41,204.70,6.39,175.80,48201.00,175.00,105.40,184.615,6.2,2091.47
2006-1-8,27380.00,5.25,223.43,4.70,360514.00,1035.00,3129.96,1287.15,82.00,13908.50,3.00,298.63,6.70,155.50,238.70,73.04,205.10,6.20,175.80,48201.00,176.00,105.90,184.414,6.08,2183.75
2006-1-9,26963.00,5.25,223.35,4.50,358702.00,1016.00,3158.18,1317.74,85.40,13908.50,3.00,298.91,6.70,156.00,239.90,63.80,205.00,6.08,177.90,48201.00,177.00,106.90,184.207,6.05,2258.43
2006-1-10,27158.00,5.25,223.69,4.40,358398.00,941.00,3307.57,1363.38,93.60,14066.37,3.10,299.16,7.30,155.80,238.30,58.89,204.40,6.05,180.00,48201.00,178.00,107.30,184.062,5.96,2366.71
2006-1-11,26696.00,5.25,224.30,4.50,359208.00,1003.00,3335.26,1388.64,92.10,14066.37,3.20,299.40,6.60,155.80,234.30,59.08,204.50,5.96,177.80,48201.00,179.00,107.50,183.638,5.88,2431.77
2006-1-12,27151.00,5.24,224.52,4.40,364270.00,998.00,3371.12,1416.42,91.70,14066.37,3.00,299.66,6.50,154.50,227.60,61.96,204.80,5.88,174.10,48201.00,180.00,107.80,183.236,5.97,2415.29
2007-1-1,27380.00,5.25,225.19,4.60,363520.00,891.00,3393.14,1424.16,96.90,14233.23,3.00,299.89,7.20,154.00,224.50,54.51,206.06,5.97,173.30,50233.00,181.00,107.90,182.724,6.02,2463.93
2007-1-2,27083.00,5.26,225.23,4.50,364090.00,828.00,3420.84,1444.80,91.30,14233.23,3.30,300.10,7.90,153.60,222.40,59.28,207.18,6.02,176.70,50233.00,182.00,108.10,182.476,5.88,2416.15
2007-1-3,27583.00,5.26,226.26,4.40,367414.00,833.00,3367.15,1406.95,88.40,14233.23,3.60,300.29,7.90,153.60,224.00,60.44,208.08,5.88,183.40,50233.00,183.00,108.40,182.199,5.88,2421.64
2007-1-4,26569.00,5.25,226.28,4.50,366280.00,887.00,3389.13,1463.64,87.10,14422.31,3.20,300.51,7.40,154.00,228.80,63.98,208.54,5.88,192.20,50233.00,184.00,108.00,182.138,5.97,2525.09
2007-1-5,27164.00,5.25,225.15,4.40,370867.00,842.00,3409.92,1511.14,88.30,14422.31,3.00,300.73,7.80,153.70,230.00,63.46,208.90,5.97,193.70,50233.00,185.00,106.80,181.892,6.34,2604.52
2007-1-6,26656.00,5.25,224.38,4.60,368080.00,793.00,3427.63,1514.19,85.30,14422.31,2.80,300.97,8.20,153.30,231.80,67.49,210.65,6.34,194.90,50233.00,186.00,106.30,181.549,6.36,2603.23
2007-1-7,26842.00,5.26,223.33,4.70,369500.00,778.00,3448.14,1520.71,90.40,14569.68,2.80,301.23,8.30,153.30,233.50,74.12,211.29,6.36,195.60,50233.00,187.00,106.40,181.003,6.23,2546.27
2007-1-8,26654.00,5.02,222.36,4.60,371019.00,699.00,3469.47,1454.62,83.40,14569.68,2.60,301.50,9.20,154.10,234.40,72.36,211.10,6.23,192.50,50233.00,188.00,106.60,180.244,6.05,2596.36
2007-1-9,26455.00,4.94,221.36,4.70,372936.00,686.00,3503.37,1497.12,83.40,14569.68,2.80,301.77,9.20,155.20,233.40,79.92,210.87,6.05,188.60,50233.00,189.00,106.70,179.132,6.04,2701.5
2007-1-10,26194.00,4.76,219.65,4.70,375217.00,727.00,3558.01,1539.66,80.90,14685.33,2.80,302.03,8.50,154.00,237.00,85.80,210.70,6.04,186.40,50233.00,190.00,106.70,177.542,5.85,2859.12
2007-1-11,26581.00,4.49,218.21,4.70,378481.00,641.00,3585.58,1463.39,76.10,14685.33,2.50,302.29,9.40,155.00,243.50,94.77,210.75,5.85,186.90,50233.00,191.00,106.20,175.175,5.75,2660.96
2007-1-12,25653.00,4.24,217.15,5.00,375256.00,619.00,3598.87,1479.22,75.50,14685.33,3.00,302.53,9.60,155.60,245.80,91.69,210.93,5.75,188.10,50233.00,192.00,105.80,173.351,5.29,2652.28
2008-1-1,25665.00,3.94,215.08,5.00,375280.00,627.00,3612.53,1378.76,78.40,14668.45,3.30,302.75,9.30,155.00,250.00,92.97,212.24,5.29,191.60,50303.00,193.00,105.10,171.09,5.44,2389.86
2008-1-2,25649.00,2.98,213.89,4.90,371734.00,593.00,3628.53,1354.87,70.80,14668.45,3.80,302.97,9.70,154.70,250.20,95.39,213.03,5.44,199.60,50303.00,194.00,104.90,169.203,5.42,2271.48
2008-1-3,25385.00,2.61,212.04,5.10,372656.00,535.00,3652.06,1316.94,69.50,14668.45,3.90,303.19,10.50,154.40,250.60,105.45,214.39,5.42,204.50,50303.00,195.00,104.50,167.914,5.47,2279.1
2008-1-4,25358.00,2.28,209.73,5.00,373086.00,536.00,3658.40,1370.47,62.60,14812.97,3.50,303.38,10.30,153.70,251.30,112.58,214.89,5.47,220.60,50303.00,196.00,103.80,167.332,5.6,2412.8
2008-1-5,25622.00,1.98,207.38,5.40,375851.00,504.00,3649.81,1403.22,59.80,14812.97,7.90,303.62,10.70,153.90,256.10,125.40,215.81,5.60,242.10,50303.00,197.00,104.10,167.03,5.91,2522.66
2008-1-6,25728.00,2.00,206.05,5.60,376378.00,487.00,3637.16,1341.25,56.40,14812.97,5.50,303.85,10.70,154.20,258.60,133.88,217.94,5.91,250.50,50303.00,198.00,103.00,166.55,5.97,2292.98
2008-1-7,25943.00,2.01,204.24,5.80,374837.00,477.00,3630.25,1257.33,61.20,14842.98,4.40,304.09,10.50,154.40,269.80,133.37,219.61,5.97,257.70,50303.00,199.00,103.30,165.729,6.03,2325.55
2008-1-8,25343.00,2.00,202.25,6.10,372112.00,435.00,3630.53,1281.47,63.00,14842.98,3.70,304.36,11.30,154.30,274.40,116.67,219.15,6.03,269.80,50303.00,200.00,102.70,164.294,5.64,2367.52
2008-1-9,25187.00,1.81,200.51,6.10,366377.00,433.00,3669.24,1216.95,70.30,14842.98,4.40,304.61,10.90,153.60,269.50,104.11,218.18,5.64,259.50,50303.00,201.00,101.80,161.926,5.89,2091.88
2008-1-10,24592.00,0.97,198.66,6.50,352768.00,393.00,3826.21,968.80,57.60,14549.95,5.40,304.86,11.60,154.30,264.80,76.61,217.38,5.89,237.10,50303.00,202.00,101.40,159.172,5.79,1720.95
2008-1-11,23225.00,0.39,195.16,6.80,339776.00,389.00,3825.39,883.04,55.30,14549.95,6.20,305.09,11.40,154.30,239.10,57.31,216.47,5.79,209.50,50303.00,203.00,101.60,156.079,5.04,1535.57
2008-1-12,22911.00,0.16,194.63,7.30,332307.00,377.00,3819.09,877.56,60.10,14549.95,6.40,305.30,11.20,154.00,227.10,41.12,216.07,5.04,194.30,50303.00,204.00,102.00,152.554,4.72,1577.03
2009-1-1,22705.00,0.15,196.44,7.80,336918.00,336.00,3800.27,865.58,61.20,14383.89,6.40,305.52,12.20,153.40,218.80,41.71,216.93,4.72,189.30,49777.00,205.00,101.70,149.373,4.77,1476.42
2009-1-2,22495.00,0.22,196.85,8.30,335698.00,372.00,3825.09,805.23,56.30,14383.89,5.90,305.71,10.50,153.10,224.70,39.09,217.18,4.77,183.50,49777.00,206.00,100.80,147.63,4.64,1377.84
2009-1-3,22167.00,0.18,194.37,8.70,329947.00,339.00,3828.85,757.13,57.30,14383.89,6.10,305.92,11.00,152.60,222.00,47.94,217.37,4.64,173.30,49777.00,207.00,100.50,146.528,4.5,1528.59
2009-1-4,22106.00,0.15,193.37,9.00,331313.00,337.00,3838.50,848.15,65.10,14340.42,6.70,306.11,10.70,153.10,218.40,49.65,217.13,4.50,162.20,49777.00,208.00,99.20,146.96,4.52,1717.3
2009-1-5,22321.00,0.18,192.87,9.40,334315.00,376.00,3877.65,902.41,68.70,14340.42,8.10,306.32,9.30,153.40,221.60,59.03,216.97,4.52,160.10,49777.00,209.00,97.70,148.189,4.9,1774.33
2009-1-6,22294.00,0.21,192.80,9.50,339535.00,393.00,3860.30,926.12,70.80,14340.42,6.60,306.54,8.50,153.00,221.30,69.64,218.07,4.90,162.20,49777.00,210.00,96.90,149.813,4.69,1835.04
2009-1-7,21904.00,0.16,192.23,9.50,340229.00,411.00,3839.63,935.82,66.00,14384.15,6.00,306.77,7.90,153.20,232.00,64.15,218.09,4.69,164.60,49777.00,211.00,96.70,150.759,4.61,1978.5
2009-1-8,21439.00,0.16,191.87,9.60,346657.00,418.00,3814.51,1009.73,65.70,14384.15,4.90,307.01,7.50,153.30,231.50,71.05,217.83,4.61,170.60,49777.00,212.00,96.60,150.675,4.49,2009.06
2009-1-9,21401.00,0.15,191.77,9.80,338427.00,386.00,3767.86,1044.55,73.50,14384.15,5.90,307.27,7.80,153.20,234.80,69.41,217.18,4.49,172.40,49777.00,213.00,96.90,149.634,4.39,2122.42
2009-1-10,20626.00,0.12,192.16,10.00,341578.00,396.00,3743.10,1067.66,70.60,14566.51,5.40,307.52,7.40,153.30,233.40,75.72,216.61,4.39,174.10,49777.00,214.00,97.20,148.595,4.34,2045.11
2009-1-11,20927.00,0.12,192.63,9.90,344579.00,375.00,3804.07,1088.07,67.40,14566.51,5.70,307.76,7.60,153.20,233.50,77.99,215.81,4.34,168.50,49777.00,215.00,97.50,147.954,4.39,2144.6
2009-1-12,20904.00,0.12,190.67,9.90,346215.00,352.00,3776.81,1110.38,72.50,14566.51,5.70,307.95,8.00,153.80,242.10,74.47,215.52,4.39,167.90,49777.00,216.00,97.90,146.684,4.44,2269.15
2010-1-1,20561.00,0.11,190.86,9.80,346252.00,345.00,3756.85,1123.58,74.40,14681.06,5.60,308.17,8.10,153.80,240.00,78.33,215.93,4.44,177.80,49276.00,217.00,97.80,145.003,4.37,2147.35
2010-1-2,20448.00,0.13,190.00,9.80,346835.00,336.00,3720.80,1089.16,73.60,14681.06,5.20,308.38,8.30,153.90,252.80,76.39,215.84,4.37,184.10,49276.00,218.00,97.20,143.057,4.33,2238.26
2010-1-3,21862.00,0.16,189.97,9.90,354564.00,381.00,3706.37,1152.05,73.60,14681.06,5.00,308.57,7.10,155.30,248.70,81.20,216.02,4.33,186.50,49276.00,219.00,96.40,143.594,4.42,2397.96
2010-1-4,23489.00,0.20,190.16,9.90,357095.00,422.00,3712.35,1197.32,72.20,14888.60,5.60,308.76,6.20,159.20,263.90,84.29,215.80,4.42,196.80,49276.00,220.00,95.70,145.392,4.28,2461.19
2010-1-5,21728.00,0.20,190.22,9.60,354267.00,280.00,3699.22,1125.06,73.60,14888.60,6.00,308.95,9.30,160.50,254.00,73.74,215.98,4.28,201.10,49276.00,221.00,95.60,147.023,4.18,2257.04
2010-1-6,21575.00,0.18,188.15,9.40,353811.00,305.00,3682.36,1083.36,76.00,14888.60,5.90,309.13,8.30,161.40,247.60,75.34,216.78,4.18,200.60,49276.00,222.00,95.90,147.686,4.04,2109.24
2010-1-7,21476.00,0.18,186.90,9.40,354457.00,283.00,3662.25,1079.80,67.80,15057.66,5.90,309.34,8.90,165.50,251.70,76.32,217.08,4.04,194.00,49276.00,223.00,96.40,147.54,3.91,2254.7
2010-1-8,21252.00,0.19,186.80,9.50,356505.00,282.00,3656.15,1087.28,68.90,15057.66,5.80,309.56,8.80,165.90,250.00,76.60,216.98,3.91,191.10,49276.00,224.00,96.40,146.399,3.81,2114.03
2010-1-9,21389.00,0.19,185.04,9.50,359326.00,317.00,3643.88,1122.08,68.20,15057.66,5.60,309.79,7.60,165.50,249.20,75.24,216.60,3.81,193.50,49276.00,225.00,96.00,144.583,3.66,2368.62
2010-1-10,22062.00,0.19,185.34,9.40,363736.00,291.00,3628.63,1171.58,67.70,15230.21,5.40,310.02,8.20,165.20,254.10,81.89,216.10,3.66,195.70,49276.00,226.00,96.60,143.115,3.68,2507.41
2010-1-11,21906.00,0.19,184.63,9.80,367330.00,287.00,3622.12,1198.89,71.60,15230.21,5.30,310.21,8.20,164.30,249.40,84.25,215.83,3.68,194.50,49276.00,227.00,96.70,141.814,4.06,2498.23
2010-1-12,22155.00,0.18,183.31,9.30,369294.00,326.00,3613.50,1241.53,74.50,15230.21,5.90,310.39,7.00,163.60,248.00,89.15,216.14,4.06,199.10,49276.00,228.00,97.00,140.63,4.1,2652.87
2011-1-1,21469.00,0.17,182.51,9.10,372047.00,307.00,3602.23,1282.62,74.20,15238.37,6.30,310.59,7.30,163.00,253.00,89.17,216.74,4.09,206.50,50054.00,229.00,97.00,139.043,4.2,2700.08
2011-1-2,21196.00,0.16,180.52,9.00,374970.00,270.00,3570.23,1321.12,77.50,15238.37,6.40,310.75,8.10,163.40,259.70,88.58,217.26,4.22,212.60,50054.00,230.00,96.60,137.74,4.1,2782.27
2011-1-3,21880.00,0.14,178.81,9.00,378472.00,300.00,3540.61,1304.49,67.50,15238.37,6.10,310.90,7.20,163.10,264.70,102.86,217.71,4.08,217.70,50054.00,231.00,96.80,137.79,4.1,2781.07
2011-1-4,22050.00,0.10,179.23,9.10,380796.00,310.00,3520.48,1331.51,69.80,15460.93,5.80,311.08,6.70,161.40,271.00,109.53,217.90,4.06,223.90,50054.00,232.00,97.50,139.154,3.8,2873.54
2011-1-5,22311.00,0.09,178.76,9.00,380402.00,305.00,3507.91,1338.31,74.30,15460.93,5.90,311.26,6.60,162.20,282.60,100.90,218.48,3.82,225.10,50054.00,233.00,97.40,140.684,3.7,2835.3
2011-1-6,22745.00,0.09,179.49,9.10,383072.00,301.00,3501.10,1287.29,71.50,15460.93,6.10,311.43,6.60,162.60,281.90,96.26,219.55,3.69,225.40,50054.00,234.00,97.30,141.935,3.7,2773.52
2011-1-7,22762.00,0.07,179.86,9.00,382930.00,296.00,3498.13,1325.19,63.70,15587.13,6.20,311.64,6.70,163.20,280.50,97.30,220.23,3.68,227.20,50054.00,235.00,97.20,142.328,3.5,2756.38
2011-1-8,22752.00,0.10,179.40,9.00,383822.00,299.00,3493.02,1185.31,55.80,15587.13,6.20,311.86,6.50,164.40,276.60,86.33,220.51,3.46,228.90,50054.00,236.00,97.90,141.77,3.3,2579.46
2011-1-9,22640.00,0.08,180.43,9.00,387402.00,304.00,3490.27,1173.88,59.50,15587.13,5.70,312.10,6.30,164.50,279.20,85.52,220.54,3.32,228.80,50054.00,237.00,97.40,140.153,3.4,2415.4
2011-1-10,23228.00,0.07,179.38,8.80,390299.00,316.00,3499.10,1207.22,60.80,15785.31,5.50,312.31,6.00,164.70,273.70,86.32,220.14,3.35,227.30,50054.00,238.00,97.80,138.395,3.3,2684.41
2011-1-11,22953.00,0.08,180.28,8.60,391571.00,328.00,3503.61,1226.42,63.70,15785.31,5.60,312.51,5.70,164.20,276.00,97.16,219.97,3.31,227.60,50054.00,239.00,97.80,136.652,3.3,2620.34
2011-1-12,23450.00,0.07,180.86,8.50,391744.00,341.00,3494.96,1243.32,69.90,15785.31,6.40,312.71,5.30,164.20,271.10,98.56,220.19,3.25,225.30,50054.00,240.00,97.80,135.155,3.2,2605.15
2012-1-1,23590.00,0.08,180.20,8.30,395317.00,335.00,3510.36,1300.58,75.00,15973.88,6.60,312.91,5.30,160.40,275.90,100.27,220.81,3.20,226.80,51017.00,241.00,96.80,134.16,3.16,2813.84
2012-1-2,23599.00,0.10,180.60,8.30,400042.00,366.00,3539.76,1352.49,75.30,15973.88,6.70,313.06,4.80,160.40,279.60,102.20,221.12,3.16,224.70,51017.00,242.00,96.20,133.994,3.2,2966.89
2012-1-3,24561.00,0.13,182.16,8.20,401859.00,354.00,3544.40,1389.24,76.20,15973.88,7.00,313.25,4.90,161.40,283.40,106.16,221.49,3.20,223.10,51017.00,243.00,96.90,135.871,3.14,3091.57
2012-1-4,23395.00,0.14,183.31,8.20,400077.00,354.00,3540.39,1386.43,76.40,16121.85,7.20,313.43,4.90,161.20,283.90,103.32,221.68,3.14,221.50,51017.00,244.00,97.40,138.488,3.03,3046.36
2012-1-5,22771.00,0.16,184.49,8.20,399370.00,370.00,3538.80,1341.27,79.30,16121.85,7.30,313.60,4.70,160.10,283.10,94.66,221.97,3.03,217.50,51017.00,245.00,97.40,141.067,2.95,2827.34
2012-1-6,22503.00,0.16,185.23,8.20,395782.00,360.00,3528.39,1323.48,73.20,16121.85,7.60,313.79,4.80,160.10,280.30,82.30,223.05,2.95,214.10,51017.00,246.00,97.40,143.184,2.85,2935.05
2012-1-7,22663.00,0.16,185.64,8.20,397347.00,369.00,3525.95,1359.78,72.30,16227.94,7.10,313.99,4.60,161.50,277.00,87.90,223.32,2.85,212.30,51017.00,247.00,98.40,144.292,2.86,2939.52
2012-1-8,23106.00,0.13,186.68,8.10,401904.00,375.00,3527.17,1403.45,74.30,16227.94,7.10,314.22,4.60,166.40,277.50,94.13,223.70,2.86,204.30,51017.00,248.00,99.30,144.714,2.8,3066.96
2012-1-9,23719.00,0.14,187.49,7.80,405658.00,385.00,3531.19,1443.42,78.30,16227.94,7.20,314.46,4.50,164.70,274.00,94.51,223.90,2.80,207.80,51017.00,249.00,99.50,144.368,2.69,3116.23
2012-1-10,23790.00,0.16,188.55,7.80,405877.00,358.00,3527.51,1437.82,82.60,16297.35,7.80,314.68,4.90,166.60,276.90,89.49,223.71,2.69,203.60,51017.00,250.00,99.40,143.98,2.66,2977.23
2012-1-11,24126.00,0.16,189.48,7.70,407386.00,392.00,3554.28,1394.51,82.70,16297.35,8.80,314.88,4.60,167.00,276.90,86.53,223.81,2.66,200.90,51017.00,251.00,99.50,143.975,2.66,3010.24
2012-1-12,24135.00,0.16,190.42,7.90,409343.00,399.00,3550.69,1422.29,72.90,16297.35,11.00,315.07,4.50,167.00,276.30,87.86,224.03,2.66,203.40,51017.00,252.00,99.90,143.883,2.7,3019.51
2013-1-1,24431.00,0.14,191.84,8.00,412125.00,442.00,3559.60,1480.40,73.80,16475.44,4.90,315.24,4.00,172.90,283.10,94.76,224.79,2.70,204.00,53585.00,253.00,100.90,144.326,2.77,3142.13
2013-1-2,24818.00,0.15,193.04,7.70,416603.00,439.00,3554.47,1512.31,77.60,16475.44,4.70,315.37,4.20,172.90,287.70,95.31,225.38,2.77,201.50,53585.00,254.00,101.90,145.174,2.76,3160.19
2013-1-3,24709.00,0.14,195.11,7.50,413848.00,449.00,3549.03,1550.83,78.60,16475.44,4.80,315.52,4.10,178.90,290.90,92.94,225.64,2.76,200.10,53585.00,255.00,102.80,147.978,2.66,3267.52
2013-1-4,24984.00,0.15,196.11,7.60,412655.00,451.00,3552.69,1570.70,76.40,16541.39,4.90,315.69,4.30,178.90,289.40,92.02,225.99,2.66,202.60,53585.00,256.00,103.50,150.993,2.72,3328.79
2013-1-5,25470.00,0.11,197.82,7.50,414182.00,430.00,3545.19,1639.84,84.50,16541.39,5.30,315.84,4.50,186.40,287.10,94.51,226.90,2.72,197.80,53585.00,257.00,103.80,153.886,3.17,3455.91
2013-1-6,24998.00,0.09,199.00,7.50,415777.00,463.00,3544.01,1618.77,84.10,16541.39,5.40,316.04,4.10,186.40,288.10,95.77,228.07,3.17,198.70,53585.00,258.00,103.90,156.452,3.43,3403.25
2013-1-7,25534.00,0.09,200.17,7.30,418222.00,376.00,3538.10,1668.68,85.10,16749.35,5.20,316.23,5.40,187.20,287.10,104.67,228.37,3.43,198.00,53585.00,259.00,104.00,158.31,3.49,3626.37
2013-1-8,25504.00,0.08,200.89,7.20,417503.00,380.00,3528.10,1670.09,82.10,16749.35,5.40,316.45,5.50,190.90,288.20,106.57,228.56,3.49,197.10,53585.00,260.00,104.50,159.416,3.52,3589.87
2013-1-9,25525.00,0.08,201.92,7.20,417565.00,399.00,3527.35,1687.17,77.50,16749.35,5.30,316.69,5.50,192.20,288.80,106.29,228.81,3.52,193.70,53585.00,261.00,105.80,159.696,3.27,3771.48
2013-1-10,25223.00,0.09,202.56,7.20,419693.00,444.00,3524.34,1720.03,73.20,16999.89,4.80,316.92,4.90,196.70,289.20,100.54,228.36,3.27,199.60,53585.00,262.00,107.50,159.582,3.3,3919.71
2013-1-11,25115.00,0.08,202.88,6.90,421033.00,446.00,3528.91,1783.54,75.10,16999.89,4.60,317.14,5.00,196.80,291.30,93.86,228.45,3.30,201.40,53585.00,263.00,108.40,159.394,3.48,4059.89
2013-1-12,25301.00,0.09,203.82,6.70,423005.00,441.00,3531.77,1807.78,82.50,16999.89,4.70,317.33,5.10,197.30,291.50,97.63,228.89,3.48,202.60,53585.00,264.00,108.90,159.315,3.48,4176.59
2014-1-1,25234.00,0.07,204.88,6.60,418800.00,447.00,3535.10,1822.36,81.20,17031.32,5.10,317.52,5.10,197.80,294.70,94.62,230.26,3.48,204.10,53657.00,265.00,109.90,159.408,3.35,4103.88
2014-1-2,25163.00,0.07,205.78,6.70,424117.00,423.00,3546.50,1817.04,81.60,17031.32,5.40,317.70,5.30,200.20,297.80,100.82,230.91,3.35,204.20,53657.00,266.00,110.70,159.914,3.36,4308.12
2014-1-3,25481.00,0.08,206.51,6.70,429720.00,410.00,3561.44,1863.52,80.00,17031.32,5.40,317.86,5.60,200.50,300.00,100.80,231.97,3.36,203.30,53657.00,267.00,111.00,161.232,3.39,4198.99
2014-1-4,26557.00,0.09,207.00,6.30,433675.00,401.00,3573.78,1864.26,84.10,17320.92,5.50,318.03,5.70,201.10,301.10,102.07,231.69,3.39,205.10,53657.00,268.00,109.80,163.01,3.29,4114.56
2014-1-5,26722.00,0.09,207.42,6.30,434334.00,452.00,3581.63,1889.77,81.90,17320.92,5.70,318.22,5.10,201.00,300.50,102.18,232.74,3.29,205.80,53657.00,269.00,109.60,164.723,3.27,4242.62
2014-1-6,26944.00,0.10,208.45,6.10,435094.00,416.00,3597.57,1947.09,82.50,17320.92,5.90,318.42,5.70,201.30,298.20,105.79,233.89,3.27,206.40,53657.00,270.00,108.80,166.247,3.24,4408.18
2014-1-7,26525.00,0.09,209.29,6.20,435688.00,402.00,3605.52,1973.10,81.80,17622.26,5.80,318.62,6.10,201.70,300.20,103.59,234.48,3.24,208.50,53657.00,271.00,111.30,167.166,3.25,4369.77
2014-1-8,27047.00,0.09,210.23,6.20,439554.00,449.00,3616.26,1961.53,82.50,17622.26,5.60,318.87,5.50,202.10,302.80,96.54,234.57,3.25,208.40,53657.00,272.00,112.80,167.482,3.31,4580.27
2014-1-9,26954.00,0.09,210.67,5.90,438687.00,466.00,3619.85,1993.23,84.60,17622.26,5.80,319.11,5.30,202.00,305.00,93.21,234.68,3.31,209.60,53657.00,273.00,113.10,167.278,3.21,4493.39
2014-1-10,26997.00,0.09,211.80,5.70,440396.00,474.00,3621.15,1937.27,86.90,17735.93,5.80,319.35,5.30,202.20,307.10,84.40,234.43,3.21,209.80,53657.00,274.00,111.50,166.95,3.19,4630.74
2014-1-11,27190.00,0.09,212.79,5.80,442106.00,446.00,3626.61,2044.57,88.80,17735.93,5.80,319.57,5.70,201.60,303.20,75.79,234.32,3.19,209.00,53657.00,275.00,112.30,166.704,3.13,4791.63
2014-1-12,26905.00,0.12,214.49,5.60,439323.00,492.00,3638.65,2054.27,93.60,17735.93,6.10,319.77,5.10,201.10,295.70,59.29,234.66,3.13,207.00,53657.00,276.00,112.80,166.512,2.99,4736.05
2015-1-1,27015.00,0.11,214.60,5.70,435929.00,523.00,3652.97,2028.18,98.10,17874.72,6.10,319.96,4.70,201.10,285.40,47.22,235.49,2.99,202.10,56516.00,277.00,113.20,166.305,3.01,4635.24
2015-1-2,26191.00,0.11,216.36,5.50,434153.00,549.00,3676.65,2082.20,95.40,17874.72,6.30,320.10,4.50,200.10,280.80,50.58,236.02,3.01,194.90,56516.00,278.00,113.80,166.692,3.04,4963.53
2015-1-3,26869.00,0.11,217.03,5.50,442225.00,481.00,3711.52,2079.99,93.00,17874.72,5.80,320.27,5.10,199.00,274.00,47.82,236.44,3.04,193.50,56516.00,279.00,114.10,168.153,2.94,4900.88
2015-1-4,27301.00,0.12,217.83,5.40,442183.00,500.00,3720.29,2094.86,95.90,18093.22,6.20,320.45,4.90,199.00,273.20,54.45,236.78,2.94,189.80,56516.00,280.00,113.80,170.036,3.06,4941.42
2015-1-5,27330.00,0.12,219.21,5.50,446238.00,504.00,3729.90,2111.94,90.70,18093.22,6.20,320.64,5.00,198.50,274.10,59.27,237.18,3.06,187.30,56516.00,281.00,113.90,171.919,3.19,5070.03
2015-1-6,27123.00,0.13,220.07,5.30,446238.00,476.00,3747.83,2099.29,96.10,18093.22,6.30,320.83,5.40,195.40,275.60,59.82,238.57,3.19,187.00,56516.00,282.00,114.10,173.519,3.21,4986.87
2015-1-7,28030.00,0.13,220.99,5.20,449403.00,498.00,3762.27,2094.14,93.10,18227.69,6.00,321.04,5.20,195.40,273.80,50.90,239.09,3.21,186.30,56516.00,283.00,114.10,174.563,3.13,5128.28
2015-1-8,28005.00,0.14,221.52,5.10,449592.00,513.00,3777.48,2039.87,91.90,18227.69,6.00,321.27,5.10,194.70,270.70,42.87,239.30,3.13,184.80,56516.00,284.00,113.80,175.01,3.1,4812.71
2015-1-9,28005.00,0.14,223.01,5.00,449496.00,461.00,3795.45,1944.41,87.20,18227.69,6.00,321.50,5.80,193.80,264.50,45.48,239.65,3.10,181.50,56516.00,285.00,113.80,175.125,3.01,4620.16
2015-1-10,28136.00,0.12,224.16,5.00,448616.00,482.00,3812.83,2024.81,90.00,18287.23,6.30,321.74,5.60,192.90,261.40,46.22,239.40,3.01,178.10,56516.00,286.00,114.40,175.137,3.16,5053.75
2015-1-11,28432.00,0.12,225.49,5.00,450509.00,508.00,3846.60,2080.62,91.30,18287.23,6.10,321.94,5.40,189.90,260.20,42.44,239.33,3.16,170.90,56516.00,287.00,114.00,175.238,3.21,5108.67
2015-1-12,29237.00,0.24,226.52,5.00,452756.00,536.00,3871.06,2054.08,92.60,18287.23,5.80,322.15,5.20,189.60,261.20,37.19,239.51,3.21,165.20,56516.00,288.00,114.70,175.218,3.22,5007.41
,,,,,,,,,,,,,,,,,,,,,,,,,
,,,,,,,,,,,,,,,,,,,,,,,,,
,,,,,,,,,,,,,,,,,,,,,,,,,
,,,,,,,,,,,,,,,,,,,,,,,,,
,,,,,,,,,,,,,,,,,,,,,,,,,
,,,,,,,,,,,,,,,,,,,,,,,,,
,,,,,,,,,,,,,,,,,,,,,,,,,
,,,,,,,,,,,,,,,,,,,,,,,,,
,,,,,,,,,,,,,,,,,,,,,,,,,
,,,,,,,,,,,,,,,,,,,,,,,,,
,,,,,,,,,,,,,,,,,,,,,,,,,
,,,,,,,,,,,,,,,,,,,,,,,,,
,,,,,,,,,,,,,,,,,,,,,,,,,
,,,,,,,,,,,,,,,,,,,,,,,,,
,,,,,,,,,,,,,,,,,,,,,,,,,
,,,,,,,,,,,,,,,,,,,,,,,,,
,,,,,,,,,,,,,,,,,,,,,,,,,
,,,,,,,,,,,,,,,,,,,,,,,,,
,,,,,,,,,,,,,,,,,,,,,,,,,
,,,,,,,,,,,,,,,,,,,,,,,,,
,,,,,,,,,,,,,,,,,,,,,,,,,
,,,,,,,,,,,,,,,,,,,,,,,,,
,,,,,,,,,,,,,,,,,,,,,,,,,
,,,,,,,,,,,,,,,,,,,,,,,,,
,,,,,,,,,,,,,,,,,,,,,,,,,
,,,,,,,,,,,,,,,,,,,,,,,,,
,,,,,,,,,,,,,,,,,,,,,,,,,
,,,,,,,,,,,,,,,,,,,,,,,,,
,,,,,,,,,,,,,,,,,,,,,,,,,
,,,,,,,,,,,,,,,,,,,,,,,,,
,,,,,,,,,,,,,,,,,,,,,,,,,
,,,,,,,,,,,,,,,,,,,,,,,,,
,,,,,,,,,,,,,,,,,,,,,,,,,
,,,,,,,,,,,,,,,,,,,,,,,,,
,,,,,,,,,,,,,,,,,,,,,,,,,
,,,,,,,,,,,,,,,,,,,,,,,,,
,,,,,,,,,,,,,,,,,,,,,,,,,
,,,,,,,,,,,,,,,,,,,,,,,,,
,,,,,,,,,,,,,,,,,,,,,,,,,
,,,,,,,,,,,,,,,,,,,,,,,,,
,,,,,,,,,,,,,,,,,,,,,,,,,
,,,,,,,,,,,,,,,,,,,,,,,,,
,,,,,,,,,,,,,,,,,,,,,,,,,
,,,,,,,,,,,,,,,,,,,,,,,,,
,,,,,,,,,,,,,,,,,,,,,,,,,
,,,,,,,,,,,,,,,,,,,,,,,,,
,,,,,,,,,,,,,,,,,,,,,,,,,
,,,,,,,,,,,,,,,,,,,,,,,,,
,,,,,,,,,,,,,,,,,,,,,,,,,
,,,,,,,,,,,,,,,,,,,,,,,,,
,,,,,,,,,,,,,,,,,,,,,,,,,
,,,,,,,,,,,,,,,,,,,,,,,,,
,,,,,,,,,,,,,,,,,,,,,,,,,
,,,,,,,,,,,,,,,,,,,,,,,,,
,,,,,,,,,,,,,,,,,,,,,,,,,
,,,,,,,,,,,,,,,,,,,,,,,,,
,,,,,,,,,,,,,,,,,,,,,,,,,
,,,,,,,,,,,,,,,,,,,,,,,,,
,,,,,,,,,,,,,,,,,,,,,,,,,
,,,,,,,,,,,,,,,,,,,,,,,,,
,,,,,,,,,,,,,,,,,,,,,,,,,
,,,,,,,,,,,,,,,,,,,,,,,,,
,,,,,,,,,,,,,,,,,,,,,,,,,
,,,,,,,,,,,,,,,,,,,,,,,,,
,,,,,,,,,,,,,,,,,,,,,,,,,
,,,,,,,,,,,,,,,,,,,,,,,,,
,,,,,,,,,,,,,,,,,,,,,,,,,
,,,,,,,,,,,,,,,,,,,,,,,,,
,,,,,,,,,,,,,,,,,,,,,,,,,
,,,,,,,,,,,,,,,,,,,,,,,,,
,,,,,,,,,,,,,,,,,,,,,,,,,
,,,,,,,,,,,,,,,,,,,,,,,,,
,,,,,,,,,,,,,,,,,,,,,,,,,
,,,,,,,,,,,,,,,,,,,,,,,,,
,,,,,,,,,,,,,,,,,,,,,,,,,
,,,,,,,,,,,,,,,,,,,,,,,,,
,,,,,,,,,,,,,,,,,,,,,,,,,
,,,,,,,,,,,,,,,,,,,,,,,,,
,,,,,,,,,,,,,,,,,,,,,,,,,
,,,,,,,,,,,,,,,,,,,,,,,,,
,,,,,,,,,,,,,,,,,,,,,,,,,
,,,,,,,,,,,,,,,,,,,,,,,,,
,,,,,,,,,,,,,,,,,,,,,,,,,
,,,,,,,,,,,,,,,,,,,,,,,,,
,,,,,,,,,,,,,,,,,,,,,,,,,
,,,,,,,,,,,,,,,,,,,,,,,,,
,,,,,,,,,,,,,,,,,,,,,,,,,
,,,,,,,,,,,,,,,,,,,,,,,,,
,,,,,,,,,,,,,,,,,,,,,,,,,
,,,,,,,,,,,,,,,,,,,,,,,,,
,,,,,,,,,,,,,,,,,,,,,,,,,
,,,,,,,,,,,,,,,,,,,,,,,,,
,,,,,,,,,,,,,,,,,,,,,,,,,
,,,,,,,,,,,,,,,,,,,,,,,,,
,,,,,,,,,,,,,,,,,,,,,,,,,
,,,,,,,,,,,,,,,,,,,,,,,,,
,,,,,,,,,,,,,,,,,,,,,,,,,
,,,,,,,,,,,,,,,,,,,,,,,,,
,,,,,,,,,,,,,,,,,,,,,,,,,
,,,,,,,,,,,,,,,,,,,,,,,,,
,,,,,,,,,,,,,,,,,,,,,,,,,
,,,,,,,,,,,,,,,,,,,,,,,,,
,,,,,,,,,,,,,,,,,,,,,,,,,
,,,,,,,,,,,,,,,,,,,,,,,,,
,,,,,,,,,,,,,,,,,,,,,,,,,
,,,,,,,,,,,,,,,,,,,,,,,,,
,,,,,,,,,,,,,,,,,,,,,,,,,
,,,,,,,,,,,,,,,,,,,,,,,,,
,,,,,,,,,,,,,,,,,,,,,,,,,
,,,,,,,,,,,,,,,,,,,,,,,,,
,,,,,,,,,,,,,,,,,,,,,,,,,
,,,,,,,,,,,,,,,,,,,,,,,,,
,,,,,,,,,,,,,,,,,,,,,,,,,
,,,,,,,,,,,,,,,,,,,,,,,,,
,,,,,,,,,,,,,,,,,,,,,,,,,
,,,,,,,,,,,,,,,,,,,,,,,,,
,,,,,,,,,,,,,,,,,,,,,,,,,
,,,,,,,,,,,,,,,,,,,,,,,,,
,,,,,,,,,,,,,,,,,,,,,,,,,
,,,,,,,,,,,,,,,,,,,,,,,,,
,,,,,,,,,,,,,,,,,,,,,,,,,
,,,,,,,,,,,,,,,,,,,,,,,,,
,,,,,,,,,,,,,,,,,,,,,,,,,
,,,,,,,,,,,,,,,,,,,,,,,,,
,,,,,,,,,,,,,,,,,,,,,,,,,
,,,,,,,,,,,,,,,,,,,,,,,,,
,,,,,,,,,,,,,,,,,,,,,,,,,
,,,,,,,,,,,,,,,,,,,,,,,,,
,,,,,,,,,,,,,,,,,,,,,,,,,
,,,,,,,,,,,,,,,,,,,,,,,,,
,,,,,,,,,,,,,,,,,,,,,,,,,
,,,,,,,,,,,,,,,,,,,,,,,,,
,,,,,,,,,,,,,,,,,,,,,,,,,
,,,,,,,,,,,,,,,,,,,,,,,,,
,,,,,,,,,,,,,,,,,,,,,,,,,
,,,,,,,,,,,,,,,,,,,,,,,,,
,,,,,,,,,,,,,,,,,,,,,,,,,
,,,,,,,,,,,,,,,,,,,,,,,,,
,,,,,,,,,,,,,,,,,,,,,,,,,
,,,,,,,,,,,,,,,,,,,,,,,,,
,,,,,,,,,,,,,,,,,,,,,,,,,
,,,,,,,,,,,,,,,,,,,,,,,,,
,,,,,,,,,,,,,,,,,,,,,,,,,
,,,,,,,,,,,,,,,,,,,,,,,,,
,,,,,,,,,,,,,,,,,,,,,,,,,
,,,,,,,,,,,,,,,,,,,,,,,,,
,,,,,,,,,,,,,,,,,,,,,,,,,
,,,,,,,,,,,,,,,,,,,,,,,,,
,,,,,,,,,,,,,,,,,,,,,,,,,
,,,,,,,,,,,,,,,,,,,,,,,,,
,,,,,,,,,,,,,,,,,,,,,,,,,
,,,,,,,,,,,,,,,,,,,,,,,,,
,,,,,,,,,,,,,,,,,,,,,,,,,
,,,,,,,,,,,,,,,,,,,,,,,,,
,,,,,,,,,,,,,,,,,,,,,,,,,
,,,,,,,,,,,,,,,,,,,,,,,,,
,,,,,,,,,,,,,,,,,,,,,,,,,
,,,,,,,,,,,,,,,,,,,,,,,,,
,,,,,,,,,,,,,,,,,,,,,,,,,
,,,,,,,,,,,,,,,,,,,,,,,,,
,,,,,,,,,,,,,,,,,,,,,,,,,
,,,,,,,,,,,,,,,,,,,,,,,,,
,,,,,,,,,,,,,,,,,,,,,,,,,
,,,,,,,,,,,,,,,,,,,,,,,,,
,,,,,,,,,,,,,,,,,,,,,,,,,
,,,,,,,,,,,,,,,,,,,,,,,,,
,,,,,,,,,,,,,,,,,,,,,,,,,
,,,,,,,,,,,,,,,,,,,,,,,,,
,,,,,,,,,,,,,,,,,,,,,,,,,
,,,,,,,,,,,,,,,,,,,,,,,,,
,,,,,,,,,,,,,,,,,,,,,,,,,
,,,,,,,,,,,,,,,,,,,,,,,,,
,,,,,,,,,,,,,,,,,,,,,,,,,
,,,,,,,,,,,,,,,,,,,,,,,,,
,,,,,,,,,,,,,,,,,,,,,,,,,
,,,,,,,,,,,,,,,,,,,,,,,,,
,,,,,,,,,,,,,,,,,,,,,,,,,
,,,,,,,,,,,,,,,,,,,,,,,,,
,,,,,,,,,,,,,,,,,,,,,,,,,
,,,,,,,,,,,,,,,,,,,,,,,,,
,,,,,,,,,,,,,,,,,,,,,,,,,
,,,,,,,,,,,,,,,,,,,,,,,,,
,,,,,,,,,,,,,,,,,,,,,,,,,
,,,,,,,,,,,,,,,,,,,,,,,,,
,,,,,,,,,,,,,,,,,,,,,,,,,
,,,,,,,,,,,,,,,,,,,,,,,,,
,,,,,,,,,,,,,,,,,,,,,,,,,
,,,,,,,,,,,,,,,,,,,,,,,,,
,,,,,,,,,,,,,,,,,,,,,,,,,
,,,,,,,,,,,,,,,,,,,,,,,,,
,,,,,,,,,,,,,,,,,,,,,,,,,
,,,,,,,,,,,,,,,,,,,,,,,,,
,,,,,,,,,,,,,,,,,,,,,,,,,
,,,,,,,,,,,,,,,,,,,,,,,,,
,,,,,,,,,,,,,,,,,,,,,,,,,
,,,,,,,,,,,,,,,,,,,,,,,,,
,,,,,,,,,,,,,,,,,,,,,,,,,
,,,,,,,,,,,,,,,,,,,,,,,,,
,,,,,,,,,,,,,,,,,,,,,,,,,
,,,,,,,,,,,,,,,,,,,,,,,,,
,,,,,,,,,,,,,,,,,,,,,,,,,
,,,,,,,,,,,,,,,,,,,,,,,,,
,,,,,,,,,,,,,,,,,,,,,,,,,
,,,,,,,,,,,,,,,,,,,,,,,,,
,,,,,,,,,,,,,,,,,,,,,,,,,
,,,,,,,,,,,,,,,,,,,,,,,,,
,,,,,,,,,,,,,,,,,,,,,,,,,
,,,,,,,,,,,,,,,,,,,,,,,,,
,,,,,,,,,,,,,,,,,,,,,,,,,
,,,,,,,,,,,,,,,,,,,,,,,,,
,,,,,,,,,,,,,,,,,,,,,,,,,
,,,,,,,,,,,,,,,,,,,,,,,,,
,,,,,,,,,,,,,,,,,,,,,,,,,
,,,,,,,,,,,,,,,,,,,,,,,,,
,,,,,,,,,,,,,,,,,,,,,,,,,
,,,,,,,,,,,,,,,,,,,,,,,,,
,,,,,,,,,,,,,,,,,,,,,,,,,
,,,,,,,,,,,,,,,,,,,,,,,,,
,,,,,,,,,,,,,,,,,,,,,,,,,
,,,,,,,,,,,,,,,,,,,,,,,,,
,,,,,,,,,,,,,,,,,,,,,,,,,
,,,,,,,,,,,,,,,,,,,,,,,,,
,,,,,,,,,,,,,,,,,,,,,,,,,
,,,,,,,,,,,,,,,,,,,,,,,,,
,,,,,,,,,,,,,,,,,,,,,,,,,
,,,,,,,,,,,,,,,,,,,,,,,,,
,,,,,,,,,,,,,,,,,,,,,,,,,
,,,,,,,,,,,,,,,,,,,,,,,,,
,,,,,,,,,,,,,,,,,,,,,,,,,
,,,,,,,,,,,,,,,,,,,,,,,,,
,,,,,,,,,,,,,,,,,,,,,,,,,
,,,,,,,,,,,,,,,,,,,,,,,,,
,,,,,,,,,,,,,,,,,,,,,,,,,
,,,,,,,,,,,,,,,,,,,,,,,,,
,,,,,,,,,,,,,,,,,,,,,,,,,
,,,,,,,,,,,,,,,,,,,,,,,,,
,,,,,,,,,,,,,,,,,,,,,,,,,
,,,,,,,,,,,,,,,,,,,,,,,,,
,,,,,,,,,,,,,,,,,,,,,,,,,
,,,,,,,,,,,,,,,,,,,,,,,,,
,,,,,,,,,,,,,,,,,,,,,,,,,
,,,,,,,,,,,,,,,,,,,,,,,,,
,,,,,,,,,,,,,,,,,,,,,,,,,
,,,,,,,,,,,,,,,,,,,,,,,,,
,,,,,,,,,,,,,,,,,,,,,,,,,
,,,,,,,,,,,,,,,,,,,,,,,,,
,,,,,,,,,,,,,,,,,,,,,,,,,
,,,,,,,,,,,,,,,,,,,,,,,,,
,,,,,,,,,,,,,,,,,,,,,,,,,
,,,,,,,,,,,,,,,,,,,,,,,,,
,,,,,,,,,,,,,,,,,,,,,,,,,
,,,,,,,,,,,,,,,,,,,,,,,,,
,,,,,,,,,,,,,,,,,,,,,,,,,
,,,,,,,,,,,,,,,,,,,,,,,,,
,,,,,,,,,,,,,,,,,,,,,,,,,
,,,,,,,,,,,,,,,,,,,,,,,,,
,,,,,,,,,,,,,,,,,,,,,,,,,
,,,,,,,,,,,,,,,,,,,,,,,,,
,,,,,,,,,,,,,,,,,,,,,,,,,
,,,,,,,,,,,,,,,,,,,,,,,,,
,,,,,,,,,,,,,,,,,,,,,,,,,
,,,,,,,,,,,,,,,,,,,,,,,,,
,,,,,,,,,,,,,,,,,,,,,,,,,
,,,,,,,,,,,,,,,,,,,,,,,,,
,,,,,,,,,,,,,,,,,,,,,,,,,
,,,,,,,,,,,,,,,,,,,,,,,,,
,,,,,,,,,,,,,,,,,,,,,,,,,
,,,,,,,,,,,,,,,,,,,,,,,,,
,,,,,,,,,,,,,,,,,,,,,,,,,
,,,,,,,,,,,,,,,,,,,,,,,,,
,,,,,,,,,,,,,,,,,,,,,,,,,
,,,,,,,,,,,,,,,,,,,,,,,,,
,,,,,,,,,,,,,,,,,,,,,,,,,
,,,,,,,,,,,,,,,,,,,,,,,,,
,,,,,,,,,,,,,,,,,,,,,,,,,
,,,,,,,,,,,,,,,,,,,,,,,,,
,,,,,,,,,,,,,,,,,,,,,,,,,
,,,,,,,,,,,,,,,,,,,,,,,,,
,,,,,,,,,,,,,,,,,,,,,,,,,
,,,,,,,,,,,,,,,,,,,,,,,,,
,,,,,,,,,,,,,,,,,,,,,,,,,
,,,,,,,,,,,,,,,,,,,,,,,,,
,,,,,,,,,,,,,,,,,,,,,,,,,
,,,,,,,,,,,,,,,,,,,,,,,,,
,,,,,,,,,,,,,,,,,,,,,,,,,
,,,,,,,,,,,,,,,,,,,,,,,,,
,,,,,,,,,,,,,,,,,,,,,,,,,
,,,,,,,,,,,,,,,,,,,,,,,,,
,,,,,,,,,,,,,,,,,,,,,,,,,
,,,,,,,,,,,,,,,,,,,,,,,,,
,,,,,,,,,,,,,,,,,,,,,,,,,
,,,,,,,,,,,,,,,,,,,,,,,,,
,,,,,,,,,,,,,,,,,,,,,,,,,
,,,,,,,,,,,,,,,,,,,,,,,,,
,,,,,,,,,,,,,,,,,,,,,,,,,
,,,,,,,,,,,,,,,,,,,,,,,,,
,,,,,,,,,,,,,,,,,,,,,,,,,
,,,,,,,,,,,,,,,,,,,,,,,,,
,,,,,,,,,,,,,,,,,,,,,,,,,
,,,,,,,,,,,,,,,,,,,,,,,,,
,,,,,,,,,,,,,,,,,,,,,,,,,
,,,,,,,,,,,,,,,,,,,,,,,,,
,,,,,,,,,,,,,,,,,,,,,,,,,
,,,,,,,,,,,,,,,,,,,,,,,,,
,,,,,,,,,,,,,,,,,,,,,,,,,
,,,,,,,,,,,,,,,,,,,,,,,,,
,,,,,,,,,,,,,,,,,,,,,,,,,
,,,,,,,,,,,,,,,,,,,,,,,,,
,,,,,,,,,,,,,,,,,,,,,,,,,
,,,,,,,,,,,,,,,,,,,,,,,,,
,,,,,,,,,,,,,,,,,,,,,,,,,
,,,,,,,,,,,,,,,,,,,,,,,,,
,,,,,,,,,,,,,,,,,,,,,,,,,
,,,,,,,,,,,,,,,,,,,,,,,,,
,,,,,,,,,,,,,,,,,,,,,,,,,
,,,,,,,,,,,,,,,,,,,,,,,,,
,,,,,,,,,,,,,,,,,,,,,,,,,
,,,,,,,,,,,,,,,,,,,,,,,,,
,,,,,,,,,,,,,,,,,,,,,,,,,
,,,,,,,,,,,,,,,,,,,,,,,,,
,,,,,,,,,,,,,,,,,,,,,,,,,
,,,,,,,,,,,,,,,,,,,,,,,,,
,,,,,,,,,,,,,,,,,,,,,,,,,
,,,,,,,,,,,,,,,,,,,,,,,,,
,,,,,,,,,,,,,,,,,,,,,,,,,
,,,,,,,,,,,,,,,,,,,,,,,,,
,,,,,,,,,,,,,,,,,,,,,,,,,
,,,,,,,,,,,,,,,,,,,,,,,,,
,,,,,,,,,,,,,,,,,,,,,,,,,
,,,,,,,,,,,,,,,,,,,,,,,,,
,,,,,,,,,,,,,,,,,,,,,,,,,
,,,,,,,,,,,,,,,,,,,,,,,,,
,,,,,,,,,,,,,,,,,,,,,,,,,
,,,,,,,,,,,,,,,,,,,,,,,,,
,,,,,,,,,,,,,,,,,,,,,,,,,
,,,,,,,,,,,,,,,,,,,,,,,,,
,,,,,,,,,,,,,,,,,,,,,,,,,
,,,,,,,,,,,,,,,,,,,,,,,,,
,,,,,,,,,,,,,,,,,,,,,,,,,
,,,,,,,,,,,,,,,,,,,,,,,,,
,,,,,,,,,,,,,,,,,,,,,,,,,
,,,,,,,,,,,,,,,,,,,,,,,,,
,,,,,,,,,,,,,,,,,,,,,,,,,
,,,,,,,,,,,,,,,,,,,,,,,,,
,,,,,,,,,,,,,,,,,,,,,,,,,
,,,,,,,,,,,,,,,,,,,,,,,,,
,,,,,,,,,,,,,,,,,,,,,,,,,
,,,,,,,,,,,,,,,,,,,,,,,,,
,,,,,,,,,,,,,,,,,,,,,,,,,
,,,,,,,,,,,,,,,,,,,,,,,,,
,,,,,,,,,,,,,,,,,,,,,,,,,
,,,,,,,,,,,,,,,,,,,,,,,,,
,,,,,,,,,,,,,,,,,,,,,,,,,
,,,,,,,,,,,,,,,,,,,,,,,,,
,,,,,,,,,,,,,,,,,,,,,,,,,
,,,,,,,,,,,,,,,,,,,,,,,,,
,,,,,,,,,,,,,,,,,,,,,,,,,
,,,,,,,,,,,,,,,,,,,,,,,,,
,,,,,,,,,,,,,,,,,,,,,,,,,
,,,,,,,,,,,,,,,,,,,,,,,,,
,,,,,,,,,,,,,,,,,,,,,,,,,
,,,,,,,,,,,,,,,,,,,,,,,,,
,,,,,,,,,,,,,,,,,,,,,,,,,
,,,,,,,,,,,,,,,,,,,,,,,,,
,,,,,,,,,,,,,,,,,,,,,,,,,
,,,,,,,,,,,,,,,,,,,,,,,,,
,,,,,,,,,,,,,,,,,,,,,,,,,
,,,,,,,,,,,,,,,,,,,,,,,,,
,,,,,,,,,,,,,,,,,,,,,,,,,
,,,,,,,,,,,,,,,,,,,,,,,,,
,,,,,,,,,,,,,,,,,,,,,,,,,
,,,,,,,,,,,,,,,,,,,,,,,,,
,,,,,,,,,,,,,,,,,,,,,,,,,
,,,,,,,,,,,,,,,,,,,,,,,,,
,,,,,,,,,,,,,,,,,,,,,,,,,
,,,,,,,,,,,,,,,,,,,,,,,,,
,,,,,,,,,,,,,,,,,,,,,,,,,
,,,,,,,,,,,,,,,,,,,,,,,,,
,,,,,,,,,,,,,,,,,,,,,,,,,
,,,,,,,,,,,,,,,,,,,,,,,,,
,,,,,,,,,,,,,,,,,,,,,,,,,
,,,,,,,,,,,,,,,,,,,,,,,,,
,,,,,,,,,,,,,,,,,,,,,,,,,
,,,,,,,,,,,,,,,,,,,,,,,,,
,,,,,,,,,,,,,,,,,,,,,,,,,
,,,,,,,,,,,,,,,,,,,,,,,,,
,,,,,,,,,,,,,,,,,,,,,,,,,
,,,,,,,,,,,,,,,,,,,,,,,,,
,,,,,,,,,,,,,,,,,,,,,,,,,
,,,,,,,,,,,,,,,,,,,,,,,,,
,,,,,,,,,,,,,,,,,,,,,,,,,
,,,,,,,,,,,,,,,,,,,,,,,,,
,,,,,,,,,,,,,,,,,,,,,,,,,
,,,,,,,,,,,,,,,,,,,,,,,,,
,,,,,,,,,,,,,,,,,,,,,,,,,
,,,,,,,,,,,,,,,,,,,,,,,,,
,,,,,,,,,,,,,,,,,,,,,,,,,
,,,,,,,,,,,,,,,,,,,,,,,,,
,,,,,,,,,,,,,,,,,,,,,,,,,
,,,,,,,,,,,,,,,,,,,,,,,,,
,,,,,,,,,,,,,,,,,,,,,,,,,
,,,,,,,,,,,,,,,,,,,,,,,,,
,,,,,,,,,,,,,,,,,,,,,,,,,
,,,,,,,,,,,,,,,,,,,,,,,,,
,,,,,,,,,,,,,,,,,,,,,,,,,
,,,,,,,,,,,,,,,,,,,,,,,,,
,,,,,,,,,,,,,,,,,,,,,,,,,
,,,,,,,,,,,,,,,,,,,,,,,,,
,,,,,,,,,,,,,,,,,,,,,,,,,
,,,,,,,,,,,,,,,,,,,,,,,,,
,,,,,,,,,,,,,,,,,,,,,,,,,
,,,,,,,,,,,,,,,,,,,,,,,,,
,,,,,,,,,,,,,,,,,,,,,,,,,
,,,,,,,,,,,,,,,,,,,,,,,,,
,,,,,,,,,,,,,,,,,,,,,,,,,
,,,,,,,,,,,,,,,,,,,,,,,,,
,,,,,,,,,,,,,,,,,,,,,,,,,
,,,,,,,,,,,,,,,,,,,,,,,,,
,,,,,,,,,,,,,,,,,,,,,,,,,
,,,,,,,,,,,,,,,,,,,,,,,,,
,,,,,,,,,,,,,,,,,,,,,,,,,
,,,,,,,,,,,,,,,,,,,,,,,,,
,,,,,,,,,,,,,,,,,,,,,,,,,
,,,,,,,,,,,,,,,,,,,,,,,,,
,,,,,,,,,,,,,,,,,,,,,,,,,
,,,,,,,,,,,,,,,,,,,,,,,,,
,,,,,,,,,,,,,,,,,,,,,,,,,
,,,,,,,,,,,,,,,,,,,,,,,,,
,,,,,,,,,,,,,,,,,,,,,,,,,
,,,,,,,,,,,,,,,,,,,,,,,,,
,,,,,,,,,,,,,,,,,,,,,,,,,
,,,,,,,,,,,,,,,,,,,,,,,,,
,,,,,,,,,,,,,,,,,,,,,,,,,
,,,,,,,,,,,,,,,,,,,,,,,,,
,,,,,,,,,,,,,,,,,,,,,,,,,
,,,,,,,,,,,,,,,,,,,,,,,,,
,,,,,,,,,,,,,,,,,,,,,,,,,
,,,,,,,,,,,,,,,,,,,,,,,,,
,,,,,,,,,,,,,,,,,,,,,,,,,
,,,,,,,,,,,,,,,,,,,,,,,,,
,,,,,,,,,,,,,,,,,,,,,,,,,
,,,,,,,,,,,,,,,,,,,,,,,,,
,,,,,,,,,,,,,,,,,,,,,,,,,
,,,,,,,,,,,,,,,,,,,,,,,,,
,,,,,,,,,,,,,,,,,,,,,,,,,
,,,,,,,,,,,,,,,,,,,,,,,,,
,,,,,,,,,,,,,,,,,,,,,,,,,
,,,,,,,,,,,,,,,,,,,,,,,,,
,,,,,,,,,,,,,,,,,,,,,,,,,
,,,,,,,,,,,,,,,,,,,,,,,,,
,,,,,,,,,,,,,,,,,,,,,,,,,
,,,,,,,,,,,,,,,,,,,,,,,,,
,,,,,,,,,,,,,,,,,,,,,,,,,
,,,,,,,,,,,,,,,,,,,,,,,,,
,,,,,,,,,,,,,,,,,,,,,,,,,
,,,,,,,,,,,,,,,,,,,,,,,,,
,,,,,,,,,,,,,,,,,,,,,,,,,
,,,,,,,,,,,,,,,,,,,,,,,,,
,,,,,,,,,,,,,,,,,,,,,,,,,
,,,,,,,,,,,,,,,,,,,,,,,,,
,,,,,,,,,,,,,,,,,,,,,,,,,
,,,,,,,,,,,,,,,,,,,,,,,,,
,,,,,,,,,,,,,,,,,,,,,,,,,
,,,,,,,,,,,,,,,,,,,,,,,,,
,,,,,,,,,,,,,,,,,,,,,,,,,
,,,,,,,,,,,,,,,,,,,,,,,,,
,,,,,,,,,,,,,,,,,,,,,,,,,
,,,,,,,,,,,,,,,,,,,,,,,,,
,,,,,,,,,,,,,,,,,,,,,,,,,
,,,,,,,,,,,,,,,,,,,,,,,,,
,,,,,,,,,,,,,,,,,,,,,,,,,
,,,,,,,,,,,,,,,,,,,,,,,,,
,,,,,,,,,,,,,,,,,,,,,,,,,
,,,,,,,,,,,,,,,,,,,,,,,,,
,,,,,,,,,,,,,,,,,,,,,,,,,
,,,,,,,,,,,,,,,,,,,,,,,,,
,,,,,,,,,,,,,,,,,,,,,,,,,
,,,,,,,,,,,,,,,,,,,,,,,,,
,,,,,,,,,,,,,,,,,,,,,,,,,
,,,,,,,,,,,,,,,,,,,,,,,,,
,,,,,,,,,,,,,,,,,,,,,,,,,
,,,,,,,,,,,,,,,,,,,,,,,,,
,,,,,,,,,,,,,,,,,,,,,,,,,
,,,,,,,,,,,,,,,,,,,,,,,,,
,,,,,,,,,,,,,,,,,,,,,,,,,
,,,,,,,,,,,,,,,,,,,,,,,,,
,,,,,,,,,,,,,,,,,,,,,,,,,
,,,,,,,,,,,,,,,,,,,,,,,,,
,,,,,,,,,,,,,,,,,,,,,,,,,
,,,,,,,,,,,,,,,,,,,,,,,,,
,,,,,,,,,,,,,,,,,,,,,,,,,
,,,,,,,,,,,,,,,,,,,,,,,,,
,,,,,,,,,,,,,,,,,,,,,,,,,
,,,,,,,,,,,,,,,,,,,,,,,,,
,,,,,,,,,,,,,,,,,,,,,,,,,
,,,,,,,,,,,,,,,,,,,,,,,,,
,,,,,,,,,,,,,,,,,,,,,,,,,
,,,,,,,,,,,,,,,,,,,,,,,,,
,,,,,,,,,,,,,,,,,,,,,,,,,
,,,,,,,,,,,,,,,,,,,,,,,,,
,,,,,,,,,,,,,,,,,,,,,,,,,
,,,,,,,,,,,,,,,,,,,,,,,,,
,,,,,,,,,,,,,,,,,,,,,,,,,
,,,,,,,,,,,,,,,,,,,,,,,,,
,,,,,,,,,,,,,,,,,,,,,,,,,
,,,,,,,,,,,,,,,,,,,,,,,,,
,,,,,,,,,,,,,,,,,,,,,,,,,
,,,,,,,,,,,,,,,,,,,,,,,,,
,,,,,,,,,,,,,,,,,,,,,,,,,
,,,,,,,,,,,,,,,,,,,,,,,,,
,,,,,,,,,,,,,,,,,,,,,,,,,
,,,,,,,,,,,,,,,,,,,,,,,,,
,,,,,,,,,,,,,,,,,,,,,,,,,
,,,,,,,,,,,,,,,,,,,,,,,,,
,,,,,,,,,,,,,,,,,,,,,,,,,
,,,,,,,,,,,,,,,,,,,,,,,,,
,,,,,,,,,,,,,,,,,,,,,,,,,
,,,,,,,,,,,,,,,,,,,,,,,,,
,,,,,,,,,,,,,,,,,,,,,,,,,
,,,,,,,,,,,,,,,,,,,,,,,,,
,,,,,,,,,,,,,,,,,,,,,,,,,
,,,,,,,,,,,,,,,,,,,,,,,,,
,,,,,,,,,,,,,,,,,,,,,,,,,
,,,,,,,,,,,,,,,,,,,,,,,,,
,,,,,,,,,,,,,,,,,,,,,,,,,
,,,,,,,,,,,,,,,,,,,,,,,,,
,,,,,,,,,,,,,,,,,,,,,,,,,
,,,,,,,,,,,,,,,,,,,,,,,,,
,,,,,,,,,,,,,,,,,,,,,,,,,
,,,,,,,,,,,,,,,,,,,,,,,,,
,,,,,,,,,,,,,,,,,,,,,,,,,
,,,,,,,,,,,,,,,,,,,,,,,,,
,,,,,,,,,,,,,,,,,,,,,,,,,
,,,,,,,,,,,,,,,,,,,,,,,,,
,,,,,,,,,,,,,,,,,,,,,,,,,
,,,,,,,,,,,,,,,,,,,,,,,,,
,,,,,,,,,,,,,,,,,,,,,,,,,
,,,,,,,,,,,,,,,,,,,,,,,,,
,,,,,,,,,,,,,,,,,,,,,,,,,
,,,,,,,,,,,,,,,,,,,,,,,,,
,,,,,,,,,,,,,,,,,,,,,,,,,
,,,,,,,,,,,,,,,,,,,,,,,,,
,,,,,,,,,,,,,,,,,,,,,,,,,
,,,,,,,,,,,,,,,,,,,,,,,,,
,,,,,,,,,,,,,,,,,,,,,,,,,
,,,,,,,,,,,,,,,,,,,,,,,,,
,,,,,,,,,,,,,,,,,,,,,,,,,
,,,,,,,,,,,,,,,,,,,,,,,,,
,,,,,,,,,,,,,,,,,,,,,,,,,
,,,,,,,,,,,,,,,,,,,,,,,,,
,,,,,,,,,,,,,,,,,,,,,,,,,
,,,,,,,,,,,,,,,,,,,,,,,,,
,,,,,,,,,,,,,,,,,,,,,,,,,
,,,,,,,,,,,,,,,,,,,,,,,,,
,,,,,,,,,,,,,,,,,,,,,,,,,
,,,,,,,,,,,,,,,,,,,,,,,,,
,,,,,,,,,,,,,,,,,,,,,,,,,
,,,,,,,,,,,,,,,,,,,,,,,,,
,,,,,,,,,,,,,,,,,,,,,,,,,
,,,,,,,,,,,,,,,,,,,,,,,,,
,,,,,,,,,,,,,,,,,,,,,,,,,
,,,,,,,,,,,,,,,,,,,,,,,,,
,,,,,,,,,,,,,,,,,,,,,,,,,
,,,,,,,,,,,,,,,,,,,,,,,,,
,,,,,,,,,,,,,,,,,,,,,,,,,
,,,,,,,,,,,,,,,,,,,,,,,,,
,,,,,,,,,,,,,,,,,,,,,,,,,
,,,,,,,,,,,,,,,,,,,,,,,,,
,,,,,,,,,,,,,,,,,,,,,,,,,
,,,,,,,,,,,,,,,,,,,,,,,,,
,,,,,,,,,,,,,,,,,,,,,,,,,
,,,,,,,,,,,,,,,,,,,,,,,,,
,,,,,,,,,,,,,,,,,,,,,,,,,
,,,,,,,,,,,,,,,,,,,,,,,,,
,,,,,,,,,,,,,,,,,,,,,,,,,
,,,,,,,,,,,,,,,,,,,,,,,,,
,,,,,,,,,,,,,,,,,,,,,,,,,
,,,,,,,,,,,,,,,,,,,,,,,,,
,,,,,,,,,,,,,,,,,,,,,,,,,
,,,,,,,,,,,,,,,,,,,,,,,,,
,,,,,,,,,,,,,,,,,,,,,,,,,
,,,,,,,,,,,,,,,,,,,,,,,,,
,,,,,,,,,,,,,,,,,,,,,,,,,
,,,,,,,,,,,,,,,,,,,,,,,,,
,,,,,,,,,,,,,,,,,,,,,,,,,
,,,,,,,,,,,,,,,,,,,,,,,,,
,,,,,,,,,,,,,,,,,,,,,,,,,
,,,,,,,,,,,,,,,,,,,,,,,,,
,,,,,,,,,,,,,,,,,,,,,,,,,
,,,,,,,,,,,,,,,,,,,,,,,,,
,,,,,,,,,,,,,,,,,,,,,,,,,
,,,,,,,,,,,,,,,,,,,,,,,,,
,,,,,,,,,,,,,,,,,,,,,,,,,
,,,,,,,,,,,,,,,,,,,,,,,,,
,,,,,,,,,,,,,,,,,,,,,,,,,
,,,,,,,,,,,,,,,,,,,,,,,,,
,,,,,,,,,,,,,,,,,,,,,,,,,
,,,,,,,,,,,,,,,,,,,,,,,,,
,,,,,,,,,,,,,,,,,,,,,,,,,
,,,,,,,,,,,,,,,,,,,,,,,,,
,,,,,,,,,,,,,,,,,,,,,,,,,
,,,,,,,,,,,,,,,,,,,,,,,,,
,,,,,,,,,,,,,,,,,,,,,,,,,
,,,,,,,,,,,,,,,,,,,,,,,,,
,,,,,,,,,,,,,,,,,,,,,,,,,
,,,,,,,,,,,,,,,,,,,,,,,,,
,,,,,,,,,,,,,,,,,,,,,,,,,
,,,,,,,,,,,,,,,,,,,,,,,,,
,,,,,,,,,,,,,,,,,,,,,,,,,
,,,,,,,,,,,,,,,,,,,,,,,,,
,,,,,,,,,,,,,,,,,,,,,,,,,
,,,,,,,,,,,,,,,,,,,,,,,,,
,,,,,,,,,,,,,,,,,,,,,,,,,
,,,,,,,,,,,,,,,,,,,,,,,,,
,,,,,,,,,,,,,,,,,,,,,,,,,
,,,,,,,,,,,,,,,,,,,,,,,,,
,,,,,,,,,,,,,,,,,,,,,,,,,
,,,,,,,,,,,,,,,,,,,,,,,,,
,,,,,,,,,,,,,,,,,,,,,,,,,
,,,,,,,,,,,,,,,,,,,,,,,,,
,,,,,,,,,,,,,,,,,,,,,,,,,
,,,,,,,,,,,,,,,,,,,,,,,,,
,,,,,,,,,,,,,,,,,,,,,,,,,
,,,,,,,,,,,,,,,,,,,,,,,,,
,,,,,,,,,,,,,,,,,,,,,,,,,
,,,,,,,,,,,,,,,,,,,,,,,,,
,,,,,,,,,,,,,,,,,,,,,,,,,
,,,,,,,,,,,,,,,,,,,,,,,,,
,,,,,,,,,,,,,,,,,,,,,,,,,
,,,,,,,,,,,,,,,,,,,,,,,,,
,,,,,,,,,,,,,,,,,,,,,,,,,
,,,,,,,,,,,,,,,,,,,,,,,,,
,,,,,,,,,,,,,,,,,,,,,,,,,
,,,,,,,,,,,,,,,,,,,,,,,,,
,,,,,,,,,,,,,,,,,,,,,,,,,
,,,,,,,,,,,,,,,,,,,,,,,,,
,,,,,,,,,,,,,,,,,,,,,,,,,
,,,,,,,,,,,,,,,,,,,,,,,,,
,,,,,,,,,,,,,,,,,,,,,,,,,
,,,,,,,,,,,,,,,,,,,,,,,,,
,,,,,,,,,,,,,,,,,,,,,,,,,
,,,,,,,,,,,,,,,,,,,,,,,,,
,,,,,,,,,,,,,,,,,,,,,,,,,
,,,,,,,,,,,,,,,,,,,,,,,,,
,,,,,,,,,,,,,,,,,,,,,,,,,
,,,,,,,,,,,,,,,,,,,,,,,,,
,,,,,,,,,,,,,,,,,,,,,,,,,
,,,,,,,,,,,,,,,,,,,,,,,,,
,,,,,,,,,,,,,,,,,,,,,,,,,
,,,,,,,,,,,,,,,,,,,,,,,,,
,,,,,,,,,,,,,,,,,,,,,,,,,
,,,,,,,,,,,,,,,,,,,,,,,,,
,,,,,,,,,,,,,,,,,,,,,,,,,
,,,,,,,,,,,,,,,,,,,,,,,,,
,,,,,,,,,,,,,,,,,,,,,,,,,
,,,,,,,,,,,,,,,,,,,,,,,,,
,,,,,,,,,,,,,,,,,,,,,,,,,
,,,,,,,,,,,,,,,,,,,,,,,,,
,,,,,,,,,,,,,,,,,,,,,,,,,
,,,,,,,,,,,,,,,,,,,,,,,,,
,,,,,,,,,,,,,,,,,,,,,,,,,
,,,,,,,,,,,,,,,,,,,,,,,,,
,,,,,,,,,,,,,,,,,,,,,,,,,
,,,,,,,,,,,,,,,,,,,,,,,,,
,,,,,,,,,,,,,,,,,,,,,,,,,
,,,,,,,,,,,,,,,,,,,,,,,,,
,,,,,,,,,,,,,,,,,,,,,,,,,
,,,,,,,,,,,,,,,,,,,,,,,,,
,,,,,,,,,,,,,,,,,,,,,,,,,
,,,,,,,,,,,,,,,,,,,,,,,,,
,,,,,,,,,,,,,,,,,,,,,,,,,
,,,,,,,,,,,,,,,,,,,,,,,,,
,,,,,,,,,,,,,,,,,,,,,,,,,
,,,,,,,,,,,,,,,,,,,,,,,,,
,,,,,,,,,,,,,,,,,,,,,,,,,
,,,,,,,,,,,,,,,,,,,,,,,,,
,,,,,,,,,,,,,,,,,,,,,,,,,
,,,,,,,,,,,,,,,,,,,,,,,,,
,,,,,,,,,,,,,,,,,,,,,,,,,
,,,,,,,,,,,,,,,,,,,,,,,,,
,,,,,,,,,,,,,,,,,,,,,,,,,
,,,,,,,,,,,,,,,,,,,,,,,,,
,,,,,,,,,,,,,,,,,,,,,,,,,
,,,,,,,,,,,,,,,,,,,,,,,,,
,,,,,,,,,,,,,,,,,,,,,,,,,
,,,,,,,,,,,,,,,,,,,,,,,,,
,,,,,,,,,,,,,,,,,,,,,,,,,
,,,,,,,,,,,,,,,,,,,,,,,,,
,,,,,,,,,,,,,,,,,,,,,,,,,
,,,,,,,,,,,,,,,,,,,,,,,,,
,,,,,,,,,,,,,,,,,,,,,,,,,
,,,,,,,,,,,,,,,,,,,,,,,,,
,,,,,,,,,,,,,,,,,,,,,,,,,
,,,,,,,,,,,,,,,,,,,,,,,,,
,,,,,,,,,,,,,,,,,,,,,,,,,
,,,,,,,,,,,,,,,,,,,,,,,,,
,,,,,,,,,,,,,,,,,,,,,,,,,
,,,,,,,,,,,,,,,,,,,,,,,,,
,,,,,,,,,,,,,,,,,,,,,,,,,
,,,,,,,,,,,,,,,,,,,,,,,,,
,,,,,,,,,,,,,,,,,,,,,,,,,
,,,,,,,,,,,,,,,,,,,,,,,,,
,,,,,,,,,,,,,,,,,,,,,,,,,
,,,,,,,,,,,,,,,,,,,,,,,,,
,,,,,,,,,,,,,,,,,,,,,,,,,
,,,,,,,,,,,,,,,,,,,,,,,,,
,,,,,,,,,,,,,,,,,,,,,,,,,
,,,,,,,,,,,,,,,,,,,,,,,,,
,,,,,,,,,,,,,,,,,,,,,,,,,
,,,,,,,,,,,,,,,,,,,,,,,,,
,,,,,,,,,,,,,,,,,,,,,,,,,
,,,,,,,,,,,,,,,,,,,,,,,,,